"Species","Year","Plot","Subplot","Treat.Code","germ.tot","germ.proj","tot.mort","viable","p.mort","PC.G","PC.F","PC.s13","p.germ","obs"
"Agoseris heterophylla","2016",83,"No Grass","D",60,26,3,95,0.115384615384615,-0.715725194710067,-0.876427664975023,-2.31764141783942,0.631578947368421,1
"Agoseris heterophylla","2017",5,"No Grass","W",60,15,0,94,0,-0.715725194710067,-0.876427664975023,-2.31764141783942,0.638297872340426,2
"Agoseris heterophylla","2017",15,"No Grass","W",74,15,0,94,0,-0.715725194710067,-0.876427664975023,-2.31764141783942,0.787234042553192,3
"Agoseris heterophylla","2016",5,"Grass","W",52,29,8,95,0.275862068965517,-0.715725194710067,-0.876427664975023,-2.31764141783942,0.547368421052632,4
"Agoseris heterophylla","2016",97,"No Grass","D",75,32,9,95,0.28125,-0.715725194710067,-0.876427664975023,-2.31764141783942,0.789473684210526,5
"Agoseris heterophylla","2016",17,"No Grass","W",68,26,9,95,0.346153846153846,-0.715725194710067,-0.876427664975023,-2.31764141783942,0.715789473684211,6
"Agoseris heterophylla","2016",29,"Grass","W",62,26,18,95,0.692307692307692,-0.715725194710067,-0.876427664975023,-2.31764141783942,0.652631578947368,7
"Agoseris heterophylla","2016",81,"No Grass","D",46,31,13,95,0.419354838709677,-0.715725194710067,-0.876427664975023,-2.31764141783942,0.484210526315789,8
"Agoseris heterophylla","2016",5,"No Grass","W",31,29,6,95,0.206896551724138,-0.715725194710067,-0.876427664975023,-2.31764141783942,0.326315789473684,9
"Agoseris heterophylla","2017",17,"Grass","W",21,15,0,94,0,-0.715725194710067,-0.876427664975023,-2.31764141783942,0.223404255319149,10
"Agoseris heterophylla","2017",23,"Grass","W",84,15,6,94,0.4,-0.715725194710067,-0.876427664975023,-2.31764141783942,0.893617021276596,11
"Agoseris heterophylla","2017",37,"Grass","W",30,16,12,94,0.75,-0.715725194710067,-0.876427664975023,-2.31764141783942,0.319148936170213,12
"Agoseris heterophylla","2016",15,"Grass","W",51,25,5,95,0.2,-0.715725194710067,-0.876427664975023,-2.31764141783942,0.536842105263158,13
"Agoseris heterophylla","2016",17,"Grass","W",95,29,7,95,0.241379310344828,-0.715725194710067,-0.876427664975023,-2.31764141783942,1,14
"Agoseris heterophylla","2017",82,"No Grass","C",77,16,2,94,0.125,-0.715725194710067,-0.876427664975023,-2.31764141783942,0.819148936170213,15
"Agoseris heterophylla","2017",84,"No Grass","C",82,15,0,94,0,-0.715725194710067,-0.876427664975023,-2.31764141783942,0.872340425531915,16
"Agoseris heterophylla","2017",23,"No Grass","W",75,17,6,94,0.352941176470588,-0.715725194710067,-0.876427664975023,-2.31764141783942,0.797872340425532,17
"Agoseris heterophylla","2017",30,"No Grass","C",94,15,2,94,0.133333333333333,-0.715725194710067,-0.876427664975023,-2.31764141783942,1,18
"Agoseris heterophylla","2017",56,"No Grass","C",74,15,1,94,0.0666666666666667,-0.715725194710067,-0.876427664975023,-2.31764141783942,0.787234042553192,19
"Agoseris heterophylla","2017",5,"Grass","W",83,15,0,94,0,-0.715725194710067,-0.876427664975023,-2.31764141783942,0.882978723404255,20
"Agoseris heterophylla","2017",30,"Grass","C",94,15,1,94,0.0666666666666667,-0.715725194710067,-0.876427664975023,-2.31764141783942,1,21
"Agoseris heterophylla","2016",18,"Grass","C",95,25,7,95,0.28,-0.715725194710067,-0.876427664975023,-2.31764141783942,1,22
"Agoseris heterophylla","2016",23,"Grass","W",95,35,18,95,0.514285714285714,-0.715725194710067,-0.876427664975023,-2.31764141783942,1,23
"Agoseris heterophylla","2016",82,"No Grass","C",51,30,7,95,0.233333333333333,-0.715725194710067,-0.876427664975023,-2.31764141783942,0.536842105263158,24
"Agoseris heterophylla","2017",59,"Grass","W",90,15,0,94,0,-0.715725194710067,-0.876427664975023,-2.31764141783942,0.957446808510638,25
"Agoseris heterophylla","2016",29,"No Grass","W",62,32,8,95,0.25,-0.715725194710067,-0.876427664975023,-2.31764141783942,0.652631578947368,26
"Agoseris heterophylla","2016",50,"No Grass","C",69,26,4,95,0.153846153846154,-0.715725194710067,-0.876427664975023,-2.31764141783942,0.726315789473684,27
"Agoseris heterophylla","2016",92,"Grass","C",56,27,13,95,0.481481481481481,-0.715725194710067,-0.876427664975023,-2.31764141783942,0.589473684210526,28
"Agoseris heterophylla","2016",19,"Grass","W",81,24,7,95,0.291666666666667,-0.715725194710067,-0.876427664975023,-2.31764141783942,0.852631578947368,29
"Agoseris heterophylla","2016",98,"No Grass","C",95,36,17,95,0.472222222222222,-0.715725194710067,-0.876427664975023,-2.31764141783942,1,30
"Agoseris heterophylla","2017",59,"No Grass","W",78,15,0,94,0,-0.715725194710067,-0.876427664975023,-2.31764141783942,0.829787234042553,31
"Agoseris heterophylla","2017",15,"Grass","W",77,15,2,94,0.133333333333333,-0.715725194710067,-0.876427664975023,-2.31764141783942,0.819148936170213,32
"Agoseris heterophylla","2016",56,"No Grass","C",82,25,7,95,0.28,-0.715725194710067,-0.876427664975023,-2.31764141783942,0.863157894736842,33
"Agoseris heterophylla","2016",37,"No Grass","W",68,35,17,95,0.485714285714286,-0.715725194710067,-0.876427664975023,-2.31764141783942,0.715789473684211,34
"Agoseris heterophylla","2016",96,"No Grass","C",88,39,13,95,0.333333333333333,-0.715725194710067,-0.876427664975023,-2.31764141783942,0.926315789473684,35
"Agoseris heterophylla","2016",55,"No Grass","W",70,27,6,95,0.222222222222222,-0.715725194710067,-0.876427664975023,-2.31764141783942,0.736842105263158,36
"Agoseris heterophylla","2016",84,"Grass","C",51,27,12,95,0.444444444444444,-0.715725194710067,-0.876427664975023,-2.31764141783942,0.536842105263158,37
"Agoseris heterophylla","2016",50,"Grass","C",85,24,11,95,0.458333333333333,-0.715725194710067,-0.876427664975023,-2.31764141783942,0.894736842105263,38
"Agoseris heterophylla","2016",95,"No Grass","D",82,27,6,95,0.222222222222222,-0.715725194710067,-0.876427664975023,-2.31764141783942,0.863157894736842,39
"Agoseris heterophylla","2016",37,"Grass","W",61,26,7,95,0.269230769230769,-0.715725194710067,-0.876427664975023,-2.31764141783942,0.642105263157895,40
"Agoseris heterophylla","2016",59,"Grass","W",83,25,10,95,0.4,-0.715725194710067,-0.876427664975023,-2.31764141783942,0.873684210526316,41
"Agoseris heterophylla","2016",49,"No Grass","W",78,34,27,95,0.794117647058823,-0.715725194710067,-0.876427664975023,-2.31764141783942,0.821052631578947,42
"Agoseris heterophylla","2016",89,"No Grass","D",75,32,12,95,0.375,-0.715725194710067,-0.876427664975023,-2.31764141783942,0.789473684210526,43
"Agoseris heterophylla","2016",23,"No Grass","W",79,35,17,95,0.485714285714286,-0.715725194710067,-0.876427664975023,-2.31764141783942,0.831578947368421,44
"Agoseris heterophylla","2017",98,"Grass","C",43,18,7,94,0.388888888888889,-0.715725194710067,-0.876427664975023,-2.31764141783942,0.457446808510638,45
"Agoseris heterophylla","2016",96,"Grass","C",64,44,24,95,0.545454545454545,-0.715725194710067,-0.876427664975023,-2.31764141783942,0.673684210526316,46
"Agoseris heterophylla","2016",15,"No Grass","W",85,30,5,95,0.166666666666667,-0.715725194710067,-0.876427664975023,-2.31764141783942,0.894736842105263,47
"Agoseris heterophylla","2016",81,"Grass","D",46,20,3,95,0.15,-0.715725194710067,-0.876427664975023,-2.31764141783942,0.484210526315789,48
"Agoseris heterophylla","2017",98,"No Grass","C",23,18,10,94,0.555555555555556,-0.715725194710067,-0.876427664975023,-2.31764141783942,0.24468085106383,49
"Agoseris heterophylla","2016",99,"Grass","D",78,28,19,95,0.678571428571429,-0.715725194710067,-0.876427664975023,-2.31764141783942,0.821052631578947,50
"Agoseris heterophylla","2017",17,"No Grass","W",20,15,0,94,0,-0.715725194710067,-0.876427664975023,-2.31764141783942,0.212765957446809,51
"Agoseris heterophylla","2017",82,"Grass","C",68,18,5,94,0.277777777777778,-0.715725194710067,-0.876427664975023,-2.31764141783942,0.723404255319149,52
"Agoseris heterophylla","2016",49,"Grass","W",71,27,6,95,0.222222222222222,-0.715725194710067,-0.876427664975023,-2.31764141783942,0.747368421052632,53
"Agoseris heterophylla","2016",99,"No Grass","D",72,23,2,95,0.0869565217391304,-0.715725194710067,-0.876427664975023,-2.31764141783942,0.757894736842105,54
"Agoseris heterophylla","2016",97,"Grass","D",78,33,18,95,0.545454545454545,-0.715725194710067,-0.876427664975023,-2.31764141783942,0.821052631578947,55
"Agoseris heterophylla","2017",92,"No Grass","C",69,15,1,94,0.0666666666666667,-0.715725194710067,-0.876427664975023,-2.31764141783942,0.734042553191489,56
"Agoseris heterophylla","2016",56,"Grass","C",72,21,6,95,0.285714285714286,-0.715725194710067,-0.876427664975023,-2.31764141783942,0.757894736842105,57
"Agoseris heterophylla","2016",30,"Grass","C",71,27,8,95,0.296296296296296,-0.715725194710067,-0.876427664975023,-2.31764141783942,0.747368421052632,58
"Agoseris heterophylla","2016",92,"No Grass","C",92,30,7,95,0.233333333333333,-0.715725194710067,-0.876427664975023,-2.31764141783942,0.968421052631579,59
"Agoseris heterophylla","2017",18,"No Grass","C",84,15,1,94,0.0666666666666667,-0.715725194710067,-0.876427664975023,-2.31764141783942,0.893617021276596,60
"Agoseris heterophylla","2016",19,"No Grass","W",95,21,8,95,0.380952380952381,-0.715725194710067,-0.876427664975023,-2.31764141783942,1,61
"Agoseris heterophylla","2017",55,"No Grass","W",79,15,0,94,0,-0.715725194710067,-0.876427664975023,-2.31764141783942,0.840425531914894,62
"Agoseris heterophylla","2017",50,"No Grass","C",94,15,4,94,0.266666666666667,-0.715725194710067,-0.876427664975023,-2.31764141783942,1,63
"Agoseris heterophylla","2016",30,"No Grass","C",64,26,5,95,0.192307692307692,-0.715725194710067,-0.876427664975023,-2.31764141783942,0.673684210526316,64
"Agoseris heterophylla","2017",92,"Grass","C",51,15,5,94,0.333333333333333,-0.715725194710067,-0.876427664975023,-2.31764141783942,0.542553191489362,65
"Agoseris heterophylla","2017",49,"No Grass","W",55,19,13,94,0.684210526315789,-0.715725194710067,-0.876427664975023,-2.31764141783942,0.585106382978723,66
"Agoseris heterophylla","2016",18,"No Grass","C",74,25,7,95,0.28,-0.715725194710067,-0.876427664975023,-2.31764141783942,0.778947368421053,67
"Agoseris heterophylla","2016",93,"Grass","D",74,37,16,95,0.432432432432432,-0.715725194710067,-0.876427664975023,-2.31764141783942,0.778947368421053,68
"Agoseris heterophylla","2016",84,"No Grass","C",80,29,4,95,0.137931034482759,-0.715725194710067,-0.876427664975023,-2.31764141783942,0.842105263157895,69
"Agoseris heterophylla","2017",37,"No Grass","W",45,15,5,94,0.333333333333333,-0.715725194710067,-0.876427664975023,-2.31764141783942,0.478723404255319,70
"Agoseris heterophylla","2016",55,"Grass","W",77,21,2,95,0.0952380952380952,-0.715725194710067,-0.876427664975023,-2.31764141783942,0.810526315789474,71
"Agoseris heterophylla","2016",59,"No Grass","W",88,24,3,95,0.125,-0.715725194710067,-0.876427664975023,-2.31764141783942,0.926315789473684,72
"Agoseris heterophylla","2017",19,"No Grass","W",52,15,2,94,0.133333333333333,-0.715725194710067,-0.876427664975023,-2.31764141783942,0.553191489361702,73
"Agoseris heterophylla","2017",86,"Grass","C",94,15,0,94,0,-0.715725194710067,-0.876427664975023,-2.31764141783942,1,74
"Agoseris heterophylla","2016",89,"Grass","D",71,28,5,95,0.178571428571429,-0.715725194710067,-0.876427664975023,-2.31764141783942,0.747368421052632,75
"Agoseris heterophylla","2016",95,"Grass","D",71,29,10,95,0.344827586206897,-0.715725194710067,-0.876427664975023,-2.31764141783942,0.747368421052632,76
"Agoseris heterophylla","2017",49,"Grass","W",83,16,3,94,0.1875,-0.715725194710067,-0.876427664975023,-2.31764141783942,0.882978723404255,77
"Agoseris heterophylla","2017",55,"Grass","W",79,15,1,94,0.0666666666666667,-0.715725194710067,-0.876427664975023,-2.31764141783942,0.840425531914894,78
"Agoseris heterophylla","2017",29,"Grass","W",94,15,0,94,0,-0.715725194710067,-0.876427664975023,-2.31764141783942,1,79
"Agoseris heterophylla","2017",56,"Grass","C",93,15,0,94,0,-0.715725194710067,-0.876427664975023,-2.31764141783942,0.98936170212766,80
"Agoseris heterophylla","2017",86,"No Grass","C",94,15,3,94,0.2,-0.715725194710067,-0.876427664975023,-2.31764141783942,1,81
"Agoseris heterophylla","2017",50,"Grass","C",63,16,1,94,0.0625,-0.715725194710067,-0.876427664975023,-2.31764141783942,0.670212765957447,82
"Agoseris heterophylla","2016",83,"Grass","D",62,27,10,95,0.37037037037037,-0.715725194710067,-0.876427664975023,-2.31764141783942,0.652631578947368,83
"Agoseris heterophylla","2016",93,"No Grass","D",71,21,1,95,0.0476190476190476,-0.715725194710067,-0.876427664975023,-2.31764141783942,0.747368421052632,84
"Agoseris heterophylla","2016",82,"Grass","C",52,25,5,95,0.2,-0.715725194710067,-0.876427664975023,-2.31764141783942,0.547368421052632,85
"Agoseris heterophylla","2016",91,"No Grass","D",74,41,25,95,0.609756097560976,-0.715725194710067,-0.876427664975023,-2.31764141783942,0.778947368421053,86
"Agoseris heterophylla","2017",29,"No Grass","W",94,15,0,94,0,-0.715725194710067,-0.876427664975023,-2.31764141783942,1,87
"Agoseris heterophylla","2017",18,"Grass","C",63,15,1,94,0.0666666666666667,-0.715725194710067,-0.876427664975023,-2.31764141783942,0.670212765957447,88
"Agoseris heterophylla","2017",96,"No Grass","C",56,17,3,94,0.176470588235294,-0.715725194710067,-0.876427664975023,-2.31764141783942,0.595744680851064,89
"Agoseris heterophylla","2016",91,"Grass","D",58,33,19,95,0.575757575757576,-0.715725194710067,-0.876427664975023,-2.31764141783942,0.610526315789474,90
"Agoseris heterophylla","2016",98,"Grass","C",87,29,9,95,0.310344827586207,-0.715725194710067,-0.876427664975023,-2.31764141783942,0.91578947368421,91
"Agoseris heterophylla","2017",19,"Grass","W",31,16,5,94,0.3125,-0.715725194710067,-0.876427664975023,-2.31764141783942,0.329787234042553,92
"Agoseris heterophylla","2017",96,"Grass","C",53,17,13,94,0.764705882352941,-0.715725194710067,-0.876427664975023,-2.31764141783942,0.563829787234043,93
"Agoseris heterophylla","2017",84,"Grass","C",94,16,4,94,0.25,-0.715725194710067,-0.876427664975023,-2.31764141783942,1,94
"Calycadenia pauciflora","2017",84,"No Grass","C",6,9,5,31,0.555555555555556,0.771092143133398,1.54518049907422,1.73249998728004,0.193548387096774,95
"Calycadenia pauciflora","2017",15,"No Grass","W",11,11,2,31,0.181818181818182,0.771092143133398,1.54518049907422,1.73249998728004,0.354838709677419,96
"Calycadenia pauciflora","2017",56,"Grass","C",15,15,11,31,0.733333333333333,0.771092143133398,1.54518049907422,1.73249998728004,0.483870967741935,97
"Calycadenia pauciflora","2017",50,"Grass","C",19,15,8,31,0.533333333333333,0.771092143133398,1.54518049907422,1.73249998728004,0.612903225806452,98
"Calycadenia pauciflora","2017",59,"Grass","W",17,16,14,31,0.875,0.771092143133398,1.54518049907422,1.73249998728004,0.548387096774194,99
"Calycadenia pauciflora","2017",18,"No Grass","C",15,15,15,31,1,0.771092143133398,1.54518049907422,1.73249998728004,0.483870967741935,100
"Calycadenia pauciflora","2017",55,"No Grass","W",14,14,12,31,0.857142857142857,0.771092143133398,1.54518049907422,1.73249998728004,0.451612903225806,101
"Calycadenia pauciflora","2017",17,"Grass","W",10,10,9,31,0.9,0.771092143133398,1.54518049907422,1.73249998728004,0.32258064516129,102
"Calycadenia pauciflora","2017",50,"No Grass","C",24,15,11,31,0.733333333333333,0.771092143133398,1.54518049907422,1.73249998728004,0.774193548387097,103
"Calycadenia pauciflora","2017",82,"Grass","C",17,15,12,31,0.8,0.771092143133398,1.54518049907422,1.73249998728004,0.548387096774194,104
"Calycadenia pauciflora","2017",29,"Grass","W",9,9,9,31,1,0.771092143133398,1.54518049907422,1.73249998728004,0.290322580645161,105
"Calycadenia pauciflora","2017",18,"Grass","C",11,12,9,31,0.75,0.771092143133398,1.54518049907422,1.73249998728004,0.354838709677419,106
"Calycadenia pauciflora","2017",15,"Grass","W",21,15,0,31,0,0.771092143133398,1.54518049907422,1.73249998728004,0.67741935483871,107
"Calycadenia pauciflora","2017",82,"No Grass","C",21,15,3,31,0.2,0.771092143133398,1.54518049907422,1.73249998728004,0.67741935483871,108
"Calycadenia pauciflora","2017",30,"No Grass","C",7,9,9,31,1,0.771092143133398,1.54518049907422,1.73249998728004,0.225806451612903,109
"Calycadenia pauciflora","2017",92,"No Grass","C",12,12,8,31,0.666666666666667,0.771092143133398,1.54518049907422,1.73249998728004,0.387096774193548,110
"Calycadenia pauciflora","2017",29,"No Grass","W",16,15,15,31,1,0.771092143133398,1.54518049907422,1.73249998728004,0.516129032258065,111
"Calycadenia pauciflora","2017",55,"Grass","W",20,15,10,31,0.666666666666667,0.771092143133398,1.54518049907422,1.73249998728004,0.645161290322581,112
"Calycadenia pauciflora","2017",92,"Grass","C",10,10,5,31,0.5,0.771092143133398,1.54518049907422,1.73249998728004,0.32258064516129,113
"Calycadenia pauciflora","2017",5,"Grass","W",9,10,3,31,0.3,0.771092143133398,1.54518049907422,1.73249998728004,0.290322580645161,114
"Calycadenia pauciflora","2017",59,"No Grass","W",10,11,8,31,0.727272727272727,0.771092143133398,1.54518049907422,1.73249998728004,0.32258064516129,115
"Calycadenia pauciflora","2017",30,"Grass","C",4,4,4,31,1,0.771092143133398,1.54518049907422,1.73249998728004,0.129032258064516,116
"Calycadenia pauciflora","2017",23,"Grass","W",28,15,7,31,0.466666666666667,0.771092143133398,1.54518049907422,1.73249998728004,0.903225806451613,117
"Calycadenia pauciflora","2017",84,"Grass","C",8,9,4,31,0.444444444444444,0.771092143133398,1.54518049907422,1.73249998728004,0.258064516129032,118
"Calycadenia pauciflora","2017",96,"No Grass","C",9,9,7,31,0.777777777777778,0.771092143133398,1.54518049907422,1.73249998728004,0.290322580645161,119
"Calycadenia pauciflora","2017",5,"No Grass","W",12,13,7,31,0.538461538461538,0.771092143133398,1.54518049907422,1.73249998728004,0.387096774193548,120
"Calycadenia pauciflora","2017",19,"Grass","W",11,11,3,31,0.272727272727273,0.771092143133398,1.54518049907422,1.73249998728004,0.354838709677419,121
"Calycadenia pauciflora","2017",37,"No Grass","W",20,15,9,31,0.6,0.771092143133398,1.54518049907422,1.73249998728004,0.645161290322581,122
"Calycadenia pauciflora","2017",98,"Grass","C",17,15,13,31,0.866666666666667,0.771092143133398,1.54518049907422,1.73249998728004,0.548387096774194,123
"Calycadenia pauciflora","2017",96,"Grass","C",6,6,6,31,1,0.771092143133398,1.54518049907422,1.73249998728004,0.193548387096774,124
"Calycadenia pauciflora","2017",23,"No Grass","W",12,15,4,31,0.266666666666667,0.771092143133398,1.54518049907422,1.73249998728004,0.387096774193548,125
"Calycadenia pauciflora","2017",49,"Grass","W",12,13,0,31,0,0.771092143133398,1.54518049907422,1.73249998728004,0.387096774193548,126
"Calycadenia pauciflora","2017",19,"No Grass","W",27,16,3,31,0.1875,0.771092143133398,1.54518049907422,1.73249998728004,0.870967741935484,127
"Calycadenia pauciflora","2017",86,"Grass","C",16,15,2,31,0.133333333333333,0.771092143133398,1.54518049907422,1.73249998728004,0.516129032258065,128
"Calycadenia pauciflora","2017",37,"Grass","W",12,12,6,31,0.5,0.771092143133398,1.54518049907422,1.73249998728004,0.387096774193548,129
"Calycadenia pauciflora","2017",56,"No Grass","C",8,8,4,31,0.5,0.771092143133398,1.54518049907422,1.73249998728004,0.258064516129032,130
"Calycadenia pauciflora","2017",17,"No Grass","W",11,11,1,31,0.0909090909090909,0.771092143133398,1.54518049907422,1.73249998728004,0.354838709677419,131
"Calycadenia pauciflora","2017",49,"No Grass","W",19,15,9,31,0.6,0.771092143133398,1.54518049907422,1.73249998728004,0.612903225806452,132
"Calycadenia pauciflora","2017",86,"No Grass","C",3,3,0,31,0,0.771092143133398,1.54518049907422,1.73249998728004,0.0967741935483871,133
"Calycadenia pauciflora","2017",98,"No Grass","C",12,13,11,31,0.846153846153846,0.771092143133398,1.54518049907422,1.73249998728004,0.387096774193548,134
"Clarkia purpurea","2016",97,"Grass","D",12,12,12,96,1,0.563663236086071,0.605290877224273,1.08410568900997,0.125,135
"Clarkia purpurea","2016",96,"No Grass","C",20,20,1,96,0.05,0.563663236086071,0.605290877224273,1.08410568900997,0.208333333333333,136
"Clarkia purpurea","2017",55,"No Grass","W",26,16,9,96,0.5625,0.563663236086071,0.605290877224273,1.08410568900997,0.270833333333333,137
"Clarkia purpurea","2017",15,"Grass","W",9,11,2,96,0.181818181818182,0.563663236086071,0.605290877224273,1.08410568900997,0.09375,138
"Clarkia purpurea","2016",15,"No Grass","W",31,27,3,96,0.111111111111111,0.563663236086071,0.605290877224273,1.08410568900997,0.322916666666667,139
"Clarkia purpurea","2016",23,"Grass","W",32,23,10,96,0.434782608695652,0.563663236086071,0.605290877224273,1.08410568900997,0.333333333333333,140
"Clarkia purpurea","2017",18,"No Grass","C",12,15,14,96,0.933333333333333,0.563663236086071,0.605290877224273,1.08410568900997,0.125,141
"Clarkia purpurea","2017",19,"No Grass","W",34,15,6,96,0.4,0.563663236086071,0.605290877224273,1.08410568900997,0.354166666666667,142
"Clarkia purpurea","2016",95,"No Grass","D",21,19,8,96,0.421052631578947,0.563663236086071,0.605290877224273,1.08410568900997,0.21875,143
"Clarkia purpurea","2017",5,"No Grass","W",21,17,5,96,0.294117647058824,0.563663236086071,0.605290877224273,1.08410568900997,0.21875,144
"Clarkia purpurea","2016",81,"Grass","D",38,29,18,96,0.620689655172414,0.563663236086071,0.605290877224273,1.08410568900997,0.395833333333333,145
"Clarkia purpurea","2016",84,"No Grass","C",33,27,11,96,0.407407407407407,0.563663236086071,0.605290877224273,1.08410568900997,0.34375,146
"Clarkia purpurea","2016",18,"No Grass","C",61,30,9,96,0.3,0.563663236086071,0.605290877224273,1.08410568900997,0.635416666666667,147
"Clarkia purpurea","2016",83,"Grass","D",32,25,16,96,0.64,0.563663236086071,0.605290877224273,1.08410568900997,0.333333333333333,148
"Clarkia purpurea","2016",56,"Grass","C",26,21,6,96,0.285714285714286,0.563663236086071,0.605290877224273,1.08410568900997,0.270833333333333,149
"Clarkia purpurea","2017",86,"No Grass","C",4,8,6,96,0.75,0.563663236086071,0.605290877224273,1.08410568900997,0.0416666666666667,150
"Clarkia purpurea","2017",18,"Grass","C",15,16,16,96,1,0.563663236086071,0.605290877224273,1.08410568900997,0.15625,151
"Clarkia purpurea","2016",92,"No Grass","C",29,25,6,96,0.24,0.563663236086071,0.605290877224273,1.08410568900997,0.302083333333333,152
"Clarkia purpurea","2016",83,"No Grass","D",30,25,8,96,0.32,0.563663236086071,0.605290877224273,1.08410568900997,0.3125,153
"Clarkia purpurea","2016",91,"Grass","D",43,33,15,96,0.454545454545455,0.563663236086071,0.605290877224273,1.08410568900997,0.447916666666667,154
"Clarkia purpurea","2016",93,"No Grass","D",26,21,19,96,0.904761904761905,0.563663236086071,0.605290877224273,1.08410568900997,0.270833333333333,155
"Clarkia purpurea","2016",18,"Grass","C",33,29,10,96,0.344827586206897,0.563663236086071,0.605290877224273,1.08410568900997,0.34375,156
"Clarkia purpurea","2016",98,"Grass","C",13,13,11,96,0.846153846153846,0.563663236086071,0.605290877224273,1.08410568900997,0.135416666666667,157
"Clarkia purpurea","2017",92,"Grass","C",25,16,7,96,0.4375,0.563663236086071,0.605290877224273,1.08410568900997,0.260416666666667,158
"Clarkia purpurea","2016",17,"No Grass","W",41,25,6,96,0.24,0.563663236086071,0.605290877224273,1.08410568900997,0.427083333333333,159
"Clarkia purpurea","2016",92,"Grass","C",58,28,7,96,0.25,0.563663236086071,0.605290877224273,1.08410568900997,0.604166666666667,160
"Clarkia purpurea","2016",81,"No Grass","D",28,26,10,96,0.384615384615385,0.563663236086071,0.605290877224273,1.08410568900997,0.291666666666667,161
"Clarkia purpurea","2016",89,"No Grass","D",39,32,9,96,0.28125,0.563663236086071,0.605290877224273,1.08410568900997,0.40625,162
"Clarkia purpurea","2017",30,"No Grass","C",20,15,6,96,0.4,0.563663236086071,0.605290877224273,1.08410568900997,0.208333333333333,163
"Clarkia purpurea","2016",19,"Grass","W",39,22,1,96,0.0454545454545455,0.563663236086071,0.605290877224273,1.08410568900997,0.40625,164
"Clarkia purpurea","2016",49,"No Grass","W",25,20,1,96,0.05,0.563663236086071,0.605290877224273,1.08410568900997,0.260416666666667,165
"Clarkia purpurea","2016",19,"No Grass","W",68,29,6,96,0.206896551724138,0.563663236086071,0.605290877224273,1.08410568900997,0.708333333333333,166
"Clarkia purpurea","2017",82,"No Grass","C",14,15,14,96,0.933333333333333,0.563663236086071,0.605290877224273,1.08410568900997,0.145833333333333,167
"Clarkia purpurea","2017",59,"No Grass","W",7,10,6,96,0.6,0.563663236086071,0.605290877224273,1.08410568900997,0.0729166666666667,168
"Clarkia purpurea","2017",96,"Grass","C",7,11,10,96,0.909090909090909,0.563663236086071,0.605290877224273,1.08410568900997,0.0729166666666667,169
"Clarkia purpurea","2016",30,"No Grass","C",16,16,0,96,0,0.563663236086071,0.605290877224273,1.08410568900997,0.166666666666667,170
"Clarkia purpurea","2017",15,"No Grass","W",33,16,2,96,0.125,0.563663236086071,0.605290877224273,1.08410568900997,0.34375,171
"Clarkia purpurea","2017",96,"No Grass","C",21,15,14,96,0.933333333333333,0.563663236086071,0.605290877224273,1.08410568900997,0.21875,172
"Clarkia purpurea","2016",93,"Grass","D",33,26,21,96,0.807692307692308,0.563663236086071,0.605290877224273,1.08410568900997,0.34375,173
"Clarkia purpurea","2016",15,"Grass","W",13,13,6,96,0.461538461538462,0.563663236086071,0.605290877224273,1.08410568900997,0.135416666666667,174
"Clarkia purpurea","2017",19,"Grass","W",17,17,10,96,0.588235294117647,0.563663236086071,0.605290877224273,1.08410568900997,0.177083333333333,175
"Clarkia purpurea","2017",56,"Grass","C",9,11,6,96,0.545454545454545,0.563663236086071,0.605290877224273,1.08410568900997,0.09375,176
"Clarkia purpurea","2017",17,"Grass","W",8,8,8,96,1,0.563663236086071,0.605290877224273,1.08410568900997,0.0833333333333333,177
"Clarkia purpurea","2016",82,"Grass","C",57,25,10,96,0.4,0.563663236086071,0.605290877224273,1.08410568900997,0.59375,178
"Clarkia purpurea","2016",98,"No Grass","C",26,23,11,96,0.478260869565217,0.563663236086071,0.605290877224273,1.08410568900997,0.270833333333333,179
"Clarkia purpurea","2017",17,"No Grass","W",11,14,9,96,0.642857142857143,0.563663236086071,0.605290877224273,1.08410568900997,0.114583333333333,180
"Clarkia purpurea","2016",5,"No Grass","W",41,28,6,96,0.214285714285714,0.563663236086071,0.605290877224273,1.08410568900997,0.427083333333333,181
"Clarkia purpurea","2017",49,"Grass","W",16,15,5,96,0.333333333333333,0.563663236086071,0.605290877224273,1.08410568900997,0.166666666666667,182
"Clarkia purpurea","2016",29,"Grass","W",19,19,4,96,0.210526315789474,0.563663236086071,0.605290877224273,1.08410568900997,0.197916666666667,183
"Clarkia purpurea","2016",89,"Grass","D",65,26,19,96,0.730769230769231,0.563663236086071,0.605290877224273,1.08410568900997,0.677083333333333,184
"Clarkia purpurea","2017",86,"Grass","C",18,15,10,96,0.666666666666667,0.563663236086071,0.605290877224273,1.08410568900997,0.1875,185
"Clarkia purpurea","2016",29,"No Grass","W",26,22,5,96,0.227272727272727,0.563663236086071,0.605290877224273,1.08410568900997,0.270833333333333,186
"Clarkia purpurea","2017",49,"No Grass","W",29,17,2,96,0.117647058823529,0.563663236086071,0.605290877224273,1.08410568900997,0.302083333333333,187
"Clarkia purpurea","2017",59,"Grass","W",7,9,8,96,0.888888888888889,0.563663236086071,0.605290877224273,1.08410568900997,0.0729166666666667,188
"Clarkia purpurea","2016",99,"No Grass","D",37,26,7,96,0.269230769230769,0.563663236086071,0.605290877224273,1.08410568900997,0.385416666666667,189
"Clarkia purpurea","2016",49,"Grass","W",21,21,9,96,0.428571428571429,0.563663236086071,0.605290877224273,1.08410568900997,0.21875,190
"Clarkia purpurea","2016",23,"No Grass","W",50,26,3,96,0.115384615384615,0.563663236086071,0.605290877224273,1.08410568900997,0.520833333333333,191
"Clarkia purpurea","2017",5,"Grass","W",11,12,8,96,0.666666666666667,0.563663236086071,0.605290877224273,1.08410568900997,0.114583333333333,192
"Clarkia purpurea","2017",50,"Grass","C",15,15,12,96,0.8,0.563663236086071,0.605290877224273,1.08410568900997,0.15625,193
"Clarkia purpurea","2016",30,"Grass","C",37,26,4,96,0.153846153846154,0.563663236086071,0.605290877224273,1.08410568900997,0.385416666666667,194
"Clarkia purpurea","2016",55,"Grass","W",23,21,9,96,0.428571428571429,0.563663236086071,0.605290877224273,1.08410568900997,0.239583333333333,195
"Clarkia purpurea","2017",30,"Grass","C",11,15,2,96,0.133333333333333,0.563663236086071,0.605290877224273,1.08410568900997,0.114583333333333,196
"Clarkia purpurea","2016",91,"No Grass","D",27,26,9,96,0.346153846153846,0.563663236086071,0.605290877224273,1.08410568900997,0.28125,197
"Clarkia purpurea","2017",37,"Grass","W",9,11,11,96,1,0.563663236086071,0.605290877224273,1.08410568900997,0.09375,198
"Clarkia purpurea","2017",50,"No Grass","C",28,15,9,96,0.6,0.563663236086071,0.605290877224273,1.08410568900997,0.291666666666667,199
"Clarkia purpurea","2016",82,"No Grass","C",39,24,13,96,0.541666666666667,0.563663236086071,0.605290877224273,1.08410568900997,0.40625,200
"Clarkia purpurea","2017",82,"Grass","C",26,15,12,96,0.8,0.563663236086071,0.605290877224273,1.08410568900997,0.270833333333333,201
"Clarkia purpurea","2016",59,"No Grass","W",34,24,3,96,0.125,0.563663236086071,0.605290877224273,1.08410568900997,0.354166666666667,202
"Clarkia purpurea","2017",29,"No Grass","W",10,14,6,96,0.428571428571429,0.563663236086071,0.605290877224273,1.08410568900997,0.104166666666667,203
"Clarkia purpurea","2016",37,"Grass","W",16,16,3,96,0.1875,0.563663236086071,0.605290877224273,1.08410568900997,0.166666666666667,204
"Clarkia purpurea","2017",55,"Grass","W",20,15,12,96,0.8,0.563663236086071,0.605290877224273,1.08410568900997,0.208333333333333,205
"Clarkia purpurea","2016",5,"Grass","W",36,24,9,96,0.375,0.563663236086071,0.605290877224273,1.08410568900997,0.375,206
"Clarkia purpurea","2016",37,"No Grass","W",18,18,6,96,0.333333333333333,0.563663236086071,0.605290877224273,1.08410568900997,0.1875,207
"Clarkia purpurea","2016",99,"Grass","D",33,26,20,96,0.769230769230769,0.563663236086071,0.605290877224273,1.08410568900997,0.34375,208
"Clarkia purpurea","2017",84,"Grass","C",15,14,11,96,0.785714285714286,0.563663236086071,0.605290877224273,1.08410568900997,0.15625,209
"Clarkia purpurea","2016",84,"Grass","C",23,22,15,96,0.681818181818182,0.563663236086071,0.605290877224273,1.08410568900997,0.239583333333333,210
"Clarkia purpurea","2016",95,"Grass","D",40,23,9,96,0.391304347826087,0.563663236086071,0.605290877224273,1.08410568900997,0.416666666666667,211
"Clarkia purpurea","2016",17,"Grass","W",65,29,11,96,0.379310344827586,0.563663236086071,0.605290877224273,1.08410568900997,0.677083333333333,212
"Clarkia purpurea","2016",55,"No Grass","W",21,21,5,96,0.238095238095238,0.563663236086071,0.605290877224273,1.08410568900997,0.21875,213
"Clarkia purpurea","2017",23,"Grass","W",17,15,11,96,0.733333333333333,0.563663236086071,0.605290877224273,1.08410568900997,0.177083333333333,214
"Clarkia purpurea","2016",50,"No Grass","C",26,21,4,96,0.19047619047619,0.563663236086071,0.605290877224273,1.08410568900997,0.270833333333333,215
"Clarkia purpurea","2017",37,"No Grass","W",10,16,8,96,0.5,0.563663236086071,0.605290877224273,1.08410568900997,0.104166666666667,216
"Clarkia purpurea","2016",97,"No Grass","D",35,24,19,96,0.791666666666667,0.563663236086071,0.605290877224273,1.08410568900997,0.364583333333333,217
"Clarkia purpurea","2017",23,"No Grass","W",33,15,2,96,0.133333333333333,0.563663236086071,0.605290877224273,1.08410568900997,0.34375,218
"Clarkia purpurea","2017",98,"Grass","C",10,10,10,96,1,0.563663236086071,0.605290877224273,1.08410568900997,0.104166666666667,219
"Clarkia purpurea","2017",84,"No Grass","C",17,15,8,96,0.533333333333333,0.563663236086071,0.605290877224273,1.08410568900997,0.177083333333333,220
"Clarkia purpurea","2017",56,"No Grass","C",18,15,8,96,0.533333333333333,0.563663236086071,0.605290877224273,1.08410568900997,0.1875,221
"Clarkia purpurea","2016",50,"Grass","C",26,22,12,96,0.545454545454545,0.563663236086071,0.605290877224273,1.08410568900997,0.270833333333333,222
"Clarkia purpurea","2017",98,"No Grass","C",11,10,10,96,1,0.563663236086071,0.605290877224273,1.08410568900997,0.114583333333333,223
"Clarkia purpurea","2017",92,"No Grass","C",25,23,21,96,0.91304347826087,0.563663236086071,0.605290877224273,1.08410568900997,0.260416666666667,224
"Clarkia purpurea","2016",59,"Grass","W",30,21,3,96,0.142857142857143,0.563663236086071,0.605290877224273,1.08410568900997,0.3125,225
"Clarkia purpurea","2016",96,"Grass","C",43,24,15,96,0.625,0.563663236086071,0.605290877224273,1.08410568900997,0.447916666666667,226
"Clarkia purpurea","2016",56,"No Grass","C",21,21,6,96,0.285714285714286,0.563663236086071,0.605290877224273,1.08410568900997,0.21875,227
"Clarkia purpurea","2017",29,"Grass","W",19,15,3,96,0.2,0.563663236086071,0.605290877224273,1.08410568900997,0.197916666666667,228
"Hemizonia congesta","2016",82,"No Grass","C",19,18,14,71,0.777777777777778,1.45479168058665,1.3751567558586,1.98798512973834,0.267605633802817,229
"Hemizonia congesta","2016",93,"Grass","D",33,27,11,71,0.407407407407407,1.45479168058665,1.3751567558586,1.98798512973834,0.464788732394366,230
"Hemizonia congesta","2016",84,"Grass","C",14,14,7,71,0.5,1.45479168058665,1.3751567558586,1.98798512973834,0.197183098591549,231
"Hemizonia congesta","2016",81,"No Grass","D",12,12,4,71,0.333333333333333,1.45479168058665,1.3751567558586,1.98798512973834,0.169014084507042,232
"Hemizonia congesta","2017",37,"No Grass","W",10,15,4,48,0.266666666666667,1.45479168058665,1.3751567558586,1.98798512973834,0.208333333333333,233
"Hemizonia congesta","2016",56,"No Grass","C",71,27,3,71,0.111111111111111,1.45479168058665,1.3751567558586,1.98798512973834,1,234
"Hemizonia congesta","2016",82,"Grass","C",24,24,15,71,0.625,1.45479168058665,1.3751567558586,1.98798512973834,0.338028169014085,235
"Hemizonia congesta","2016",15,"Grass","W",60,24,13,71,0.541666666666667,1.45479168058665,1.3751567558586,1.98798512973834,0.845070422535211,236
"Hemizonia congesta","2016",98,"Grass","C",60,28,12,71,0.428571428571429,1.45479168058665,1.3751567558586,1.98798512973834,0.845070422535211,237
"Hemizonia congesta","2016",91,"No Grass","D",61,37,15,71,0.405405405405405,1.45479168058665,1.3751567558586,1.98798512973834,0.859154929577465,238
"Hemizonia congesta","2016",96,"No Grass","C",50,24,3,71,0.125,1.45479168058665,1.3751567558586,1.98798512973834,0.704225352112676,239
"Hemizonia congesta","2016",50,"Grass","C",42,23,16,71,0.695652173913043,1.45479168058665,1.3751567558586,1.98798512973834,0.591549295774648,240
"Hemizonia congesta","2017",19,"Grass","W",14,15,13,48,0.866666666666667,1.45479168058665,1.3751567558586,1.98798512973834,0.291666666666667,241
"Hemizonia congesta","2017",59,"Grass","W",45,15,6,48,0.4,1.45479168058665,1.3751567558586,1.98798512973834,0.9375,242
"Hemizonia congesta","2017",84,"No Grass","C",28,15,4,48,0.266666666666667,1.45479168058665,1.3751567558586,1.98798512973834,0.583333333333333,243
"Hemizonia congesta","2016",99,"No Grass","D",16,16,5,71,0.3125,1.45479168058665,1.3751567558586,1.98798512973834,0.225352112676056,244
"Hemizonia congesta","2016",23,"No Grass","W",71,25,3,71,0.12,1.45479168058665,1.3751567558586,1.98798512973834,1,245
"Hemizonia congesta","2016",5,"Grass","W",43,26,12,71,0.461538461538462,1.45479168058665,1.3751567558586,1.98798512973834,0.605633802816901,246
"Hemizonia congesta","2016",18,"Grass","C",32,24,14,71,0.583333333333333,1.45479168058665,1.3751567558586,1.98798512973834,0.450704225352113,247
"Hemizonia congesta","2016",97,"No Grass","D",66,27,9,71,0.333333333333333,1.45479168058665,1.3751567558586,1.98798512973834,0.929577464788732,248
"Hemizonia congesta","2016",19,"No Grass","W",33,26,13,71,0.5,1.45479168058665,1.3751567558586,1.98798512973834,0.464788732394366,249
"Hemizonia congesta","2016",59,"Grass","W",71,25,4,71,0.16,1.45479168058665,1.3751567558586,1.98798512973834,1,250
"Hemizonia congesta","2017",30,"Grass","C",9,17,6,48,0.352941176470588,1.45479168058665,1.3751567558586,1.98798512973834,0.1875,251
"Hemizonia congesta","2017",15,"No Grass","W",15,15,3,48,0.2,1.45479168058665,1.3751567558586,1.98798512973834,0.3125,252
"Hemizonia congesta","2016",50,"No Grass","C",54,25,11,71,0.44,1.45479168058665,1.3751567558586,1.98798512973834,0.76056338028169,253
"Hemizonia congesta","2016",95,"No Grass","D",63,24,7,71,0.291666666666667,1.45479168058665,1.3751567558586,1.98798512973834,0.887323943661972,254
"Hemizonia congesta","2016",17,"No Grass","W",29,25,11,71,0.44,1.45479168058665,1.3751567558586,1.98798512973834,0.408450704225352,255
"Hemizonia congesta","2017",15,"Grass","W",10,16,6,48,0.375,1.45479168058665,1.3751567558586,1.98798512973834,0.208333333333333,256
"Hemizonia congesta","2017",19,"No Grass","W",24,15,1,48,0.0666666666666667,1.45479168058665,1.3751567558586,1.98798512973834,0.5,257
"Hemizonia congesta","2016",49,"No Grass","W",71,28,5,71,0.178571428571429,1.45479168058665,1.3751567558586,1.98798512973834,1,258
"Hemizonia congesta","2016",59,"No Grass","W",67,28,9,71,0.321428571428571,1.45479168058665,1.3751567558586,1.98798512973834,0.943661971830986,259
"Hemizonia congesta","2016",37,"No Grass","W",45,25,6,71,0.24,1.45479168058665,1.3751567558586,1.98798512973834,0.633802816901408,260
"Hemizonia congesta","2017",17,"No Grass","W",14,15,3,48,0.2,1.45479168058665,1.3751567558586,1.98798512973834,0.291666666666667,261
"Hemizonia congesta","2017",59,"No Grass","W",10,15,8,48,0.533333333333333,1.45479168058665,1.3751567558586,1.98798512973834,0.208333333333333,262
"Hemizonia congesta","2016",83,"No Grass","D",24,22,6,71,0.272727272727273,1.45479168058665,1.3751567558586,1.98798512973834,0.338028169014085,263
"Hemizonia congesta","2017",55,"No Grass","W",29,16,1,48,0.0625,1.45479168058665,1.3751567558586,1.98798512973834,0.604166666666667,264
"Hemizonia congesta","2016",81,"Grass","D",17,17,11,71,0.647058823529412,1.45479168058665,1.3751567558586,1.98798512973834,0.23943661971831,265
"Hemizonia congesta","2017",84,"Grass","C",10,13,4,48,0.307692307692308,1.45479168058665,1.3751567558586,1.98798512973834,0.208333333333333,266
"Hemizonia congesta","2017",18,"Grass","C",22,16,8,48,0.5,1.45479168058665,1.3751567558586,1.98798512973834,0.458333333333333,267
"Hemizonia congesta","2016",89,"No Grass","D",21,21,9,71,0.428571428571429,1.45479168058665,1.3751567558586,1.98798512973834,0.295774647887324,268
"Hemizonia congesta","2017",5,"Grass","W",32,15,3,48,0.2,1.45479168058665,1.3751567558586,1.98798512973834,0.666666666666667,269
"Hemizonia congesta","2016",84,"No Grass","C",17,17,4,71,0.235294117647059,1.45479168058665,1.3751567558586,1.98798512973834,0.23943661971831,270
"Hemizonia congesta","2017",55,"Grass","W",48,15,4,48,0.266666666666667,1.45479168058665,1.3751567558586,1.98798512973834,1,271
"Hemizonia congesta","2016",93,"No Grass","D",42,24,2,71,0.0833333333333333,1.45479168058665,1.3751567558586,1.98798512973834,0.591549295774648,272
"Hemizonia congesta","2016",15,"No Grass","W",22,21,6,71,0.285714285714286,1.45479168058665,1.3751567558586,1.98798512973834,0.309859154929577,273
"Hemizonia congesta","2016",55,"Grass","W",71,23,6,71,0.260869565217391,1.45479168058665,1.3751567558586,1.98798512973834,1,274
"Hemizonia congesta","2017",49,"Grass","W",28,15,0,48,0,1.45479168058665,1.3751567558586,1.98798512973834,0.583333333333333,275
"Hemizonia congesta","2016",95,"Grass","D",49,26,6,71,0.230769230769231,1.45479168058665,1.3751567558586,1.98798512973834,0.690140845070423,276
"Hemizonia congesta","2016",29,"Grass","W",27,22,11,71,0.5,1.45479168058665,1.3751567558586,1.98798512973834,0.380281690140845,277
"Hemizonia congesta","2017",5,"No Grass","W",8,15,10,48,0.666666666666667,1.45479168058665,1.3751567558586,1.98798512973834,0.166666666666667,278
"Hemizonia congesta","2016",89,"Grass","D",39,28,16,71,0.571428571428571,1.45479168058665,1.3751567558586,1.98798512973834,0.549295774647887,279
"Hemizonia congesta","2017",86,"Grass","C",16,15,5,48,0.333333333333333,1.45479168058665,1.3751567558586,1.98798512973834,0.333333333333333,280
"Hemizonia congesta","2016",30,"No Grass","C",19,18,7,71,0.388888888888889,1.45479168058665,1.3751567558586,1.98798512973834,0.267605633802817,281
"Hemizonia congesta","2017",29,"No Grass","W",15,15,5,48,0.333333333333333,1.45479168058665,1.3751567558586,1.98798512973834,0.3125,282
"Hemizonia congesta","2016",92,"Grass","C",41,31,15,71,0.483870967741935,1.45479168058665,1.3751567558586,1.98798512973834,0.577464788732394,283
"Hemizonia congesta","2016",98,"No Grass","C",49,28,6,71,0.214285714285714,1.45479168058665,1.3751567558586,1.98798512973834,0.690140845070423,284
"Hemizonia congesta","2017",56,"Grass","C",30,15,0,48,0,1.45479168058665,1.3751567558586,1.98798512973834,0.625,285
"Hemizonia congesta","2016",91,"Grass","D",50,31,17,71,0.548387096774194,1.45479168058665,1.3751567558586,1.98798512973834,0.704225352112676,286
"Hemizonia congesta","2016",92,"No Grass","C",66,27,9,71,0.333333333333333,1.45479168058665,1.3751567558586,1.98798512973834,0.929577464788732,287
"Hemizonia congesta","2017",96,"Grass","C",32,16,8,48,0.5,1.45479168058665,1.3751567558586,1.98798512973834,0.666666666666667,288
"Hemizonia congesta","2017",92,"Grass","C",35,16,7,48,0.4375,1.45479168058665,1.3751567558586,1.98798512973834,0.729166666666667,289
"Hemizonia congesta","2016",99,"Grass","D",28,24,11,71,0.458333333333333,1.45479168058665,1.3751567558586,1.98798512973834,0.394366197183099,290
"Hemizonia congesta","2017",23,"Grass","W",15,15,6,48,0.4,1.45479168058665,1.3751567558586,1.98798512973834,0.3125,291
"Hemizonia congesta","2017",82,"Grass","C",10,14,9,48,0.642857142857143,1.45479168058665,1.3751567558586,1.98798512973834,0.208333333333333,292
"Hemizonia congesta","2016",55,"No Grass","W",71,21,3,71,0.142857142857143,1.45479168058665,1.3751567558586,1.98798512973834,1,293
"Hemizonia congesta","2017",96,"No Grass","C",26,15,8,48,0.533333333333333,1.45479168058665,1.3751567558586,1.98798512973834,0.541666666666667,294
"Hemizonia congesta","2016",23,"Grass","W",52,25,13,71,0.52,1.45479168058665,1.3751567558586,1.98798512973834,0.732394366197183,295
"Hemizonia congesta","2017",50,"Grass","C",20,15,2,48,0.133333333333333,1.45479168058665,1.3751567558586,1.98798512973834,0.416666666666667,296
"Hemizonia congesta","2016",37,"Grass","W",53,21,6,71,0.285714285714286,1.45479168058665,1.3751567558586,1.98798512973834,0.746478873239437,297
"Hemizonia congesta","2016",29,"No Grass","W",31,24,5,71,0.208333333333333,1.45479168058665,1.3751567558586,1.98798512973834,0.436619718309859,298
"Hemizonia congesta","2017",37,"Grass","W",13,16,5,48,0.3125,1.45479168058665,1.3751567558586,1.98798512973834,0.270833333333333,299
"Hemizonia congesta","2017",18,"No Grass","C",18,15,9,48,0.6,1.45479168058665,1.3751567558586,1.98798512973834,0.375,300
"Hemizonia congesta","2016",96,"Grass","C",57,32,17,71,0.53125,1.45479168058665,1.3751567558586,1.98798512973834,0.802816901408451,301
"Hemizonia congesta","2017",98,"Grass","C",16,15,5,48,0.333333333333333,1.45479168058665,1.3751567558586,1.98798512973834,0.333333333333333,302
"Hemizonia congesta","2017",56,"No Grass","C",28,15,3,48,0.2,1.45479168058665,1.3751567558586,1.98798512973834,0.583333333333333,303
"Hemizonia congesta","2017",29,"Grass","W",13,15,9,48,0.6,1.45479168058665,1.3751567558586,1.98798512973834,0.270833333333333,304
"Hemizonia congesta","2016",5,"No Grass","W",47,23,3,71,0.130434782608696,1.45479168058665,1.3751567558586,1.98798512973834,0.661971830985915,305
"Hemizonia congesta","2017",17,"Grass","W",7,11,5,48,0.454545454545455,1.45479168058665,1.3751567558586,1.98798512973834,0.145833333333333,306
"Hemizonia congesta","2017",49,"No Grass","W",29,15,1,48,0.0666666666666667,1.45479168058665,1.3751567558586,1.98798512973834,0.604166666666667,307
"Hemizonia congesta","2017",98,"No Grass","C",12,15,9,48,0.6,1.45479168058665,1.3751567558586,1.98798512973834,0.25,308
"Hemizonia congesta","2016",83,"Grass","D",24,24,20,71,0.833333333333333,1.45479168058665,1.3751567558586,1.98798512973834,0.338028169014085,309
"Hemizonia congesta","2017",86,"No Grass","C",16,15,4,48,0.266666666666667,1.45479168058665,1.3751567558586,1.98798512973834,0.333333333333333,310
"Hemizonia congesta","2016",97,"Grass","D",54,22,6,71,0.272727272727273,1.45479168058665,1.3751567558586,1.98798512973834,0.76056338028169,311
"Hemizonia congesta","2016",56,"Grass","C",71,24,5,71,0.208333333333333,1.45479168058665,1.3751567558586,1.98798512973834,1,312
"Hemizonia congesta","2017",82,"No Grass","C",8,10,2,48,0.2,1.45479168058665,1.3751567558586,1.98798512973834,0.166666666666667,313
"Hemizonia congesta","2016",17,"Grass","W",22,21,11,71,0.523809523809524,1.45479168058665,1.3751567558586,1.98798512973834,0.309859154929577,314
"Hemizonia congesta","2016",19,"Grass","W",32,23,10,71,0.434782608695652,1.45479168058665,1.3751567558586,1.98798512973834,0.450704225352113,315
"Hemizonia congesta","2017",50,"No Grass","C",14,15,10,48,0.666666666666667,1.45479168058665,1.3751567558586,1.98798512973834,0.291666666666667,316
"Hemizonia congesta","2016",49,"Grass","W",71,23,6,71,0.260869565217391,1.45479168058665,1.3751567558586,1.98798512973834,1,317
"Hemizonia congesta","2017",92,"No Grass","C",45,15,6,48,0.4,1.45479168058665,1.3751567558586,1.98798512973834,0.9375,318
"Hemizonia congesta","2017",30,"No Grass","C",27,15,6,48,0.4,1.45479168058665,1.3751567558586,1.98798512973834,0.5625,319
"Hemizonia congesta","2016",30,"Grass","C",36,26,9,71,0.346153846153846,1.45479168058665,1.3751567558586,1.98798512973834,0.507042253521127,320
"Hemizonia congesta","2016",18,"No Grass","C",30,25,18,71,0.72,1.45479168058665,1.3751567558586,1.98798512973834,0.422535211267606,321
"Hemizonia congesta","2017",23,"No Grass","W",42,15,2,48,0.133333333333333,1.45479168058665,1.3751567558586,1.98798512973834,0.875,322
"Lasthenia californica","2016",84,"No Grass","C",7,7,0,54,0,-2.17672412206952,-1.63466778080532,-1.13506247561691,0.12962962962963,323
"Lasthenia californica","2016",95,"No Grass","D",4,4,2,54,0.5,-2.17672412206952,-1.63466778080532,-1.13506247561691,0.0740740740740741,324
"Lasthenia californica","2017",19,"No Grass","W",37,15,0,100,0,-2.17672412206952,-1.63466778080532,-1.13506247561691,0.37,325
"Lasthenia californica","2017",15,"Grass","W",78,17,2,100,0.117647058823529,-2.17672412206952,-1.63466778080532,-1.13506247561691,0.78,326
"Lasthenia californica","2016",55,"No Grass","W",4,4,0,54,0,-2.17672412206952,-1.63466778080532,-1.13506247561691,0.0740740740740741,327
"Lasthenia californica","2016",55,"Grass","W",10,10,3,54,0.3,-2.17672412206952,-1.63466778080532,-1.13506247561691,0.185185185185185,328
"Lasthenia californica","2016",97,"No Grass","D",4,4,1,54,0.25,-2.17672412206952,-1.63466778080532,-1.13506247561691,0.0740740740740741,329
"Lasthenia californica","2016",89,"No Grass","D",10,10,2,54,0.2,-2.17672412206952,-1.63466778080532,-1.13506247561691,0.185185185185185,330
"Lasthenia californica","2016",30,"Grass","C",2,2,0,54,0,-2.17672412206952,-1.63466778080532,-1.13506247561691,0.037037037037037,331
"Lasthenia californica","2016",15,"Grass","W",4,2,0,54,0,-2.17672412206952,-1.63466778080532,-1.13506247561691,0.0740740740740741,332
"Lasthenia californica","2016",30,"No Grass","C",3,3,2,54,0.666666666666667,-2.17672412206952,-1.63466778080532,-1.13506247561691,0.0555555555555556,333
"Lasthenia californica","2017",84,"Grass","C",64,15,0,100,0,-2.17672412206952,-1.63466778080532,-1.13506247561691,0.64,334
"Lasthenia californica","2016",49,"Grass","W",13,13,5,54,0.384615384615385,-2.17672412206952,-1.63466778080532,-1.13506247561691,0.240740740740741,335
"Lasthenia californica","2017",55,"Grass","W",20,15,1,100,0.0666666666666667,-2.17672412206952,-1.63466778080532,-1.13506247561691,0.2,336
"Lasthenia californica","2016",23,"Grass","W",6,6,2,54,0.333333333333333,-2.17672412206952,-1.63466778080532,-1.13506247561691,0.111111111111111,337
"Lasthenia californica","2016",23,"No Grass","W",4,4,1,54,0.25,-2.17672412206952,-1.63466778080532,-1.13506247561691,0.0740740740740741,338
"Lasthenia californica","2017",23,"No Grass","W",51,15,0,100,0,-2.17672412206952,-1.63466778080532,-1.13506247561691,0.51,339
"Lasthenia californica","2016",92,"No Grass","C",9,9,2,54,0.222222222222222,-2.17672412206952,-1.63466778080532,-1.13506247561691,0.166666666666667,340
"Lasthenia californica","2016",5,"No Grass","W",5,5,2,54,0.4,-2.17672412206952,-1.63466778080532,-1.13506247561691,0.0925925925925926,341
"Lasthenia californica","2017",50,"No Grass","C",46,15,0,100,0,-2.17672412206952,-1.63466778080532,-1.13506247561691,0.46,342
"Lasthenia californica","2016",83,"No Grass","D",7,7,4,54,0.571428571428571,-2.17672412206952,-1.63466778080532,-1.13506247561691,0.12962962962963,343
"Lasthenia californica","2017",5,"No Grass","W",50,16,2,100,0.125,-2.17672412206952,-1.63466778080532,-1.13506247561691,0.5,344
"Lasthenia californica","2016",96,"No Grass","C",7,7,1,54,0.142857142857143,-2.17672412206952,-1.63466778080532,-1.13506247561691,0.12962962962963,345
"Lasthenia californica","2016",37,"No Grass","W",0,0,0,54,NA,-2.17672412206952,-1.63466778080532,-1.13506247561691,0,346
"Lasthenia californica","2016",29,"Grass","W",2,2,2,54,1,-2.17672412206952,-1.63466778080532,-1.13506247561691,0.037037037037037,347
"Lasthenia californica","2017",86,"No Grass","C",48,15,0,100,0,-2.17672412206952,-1.63466778080532,-1.13506247561691,0.48,348
"Lasthenia californica","2017",18,"Grass","C",50,15,0,100,0,-2.17672412206952,-1.63466778080532,-1.13506247561691,0.5,349
"Lasthenia californica","2016",50,"No Grass","C",7,7,1,54,0.142857142857143,-2.17672412206952,-1.63466778080532,-1.13506247561691,0.12962962962963,350
"Lasthenia californica","2016",17,"No Grass","W",8,8,1,54,0.125,-2.17672412206952,-1.63466778080532,-1.13506247561691,0.148148148148148,351
"Lasthenia californica","2016",49,"No Grass","W",10,10,3,54,0.3,-2.17672412206952,-1.63466778080532,-1.13506247561691,0.185185185185185,352
"Lasthenia californica","2016",96,"Grass","C",3,3,0,54,0,-2.17672412206952,-1.63466778080532,-1.13506247561691,0.0555555555555556,353
"Lasthenia californica","2017",82,"No Grass","C",71,24,9,100,0.375,-2.17672412206952,-1.63466778080532,-1.13506247561691,0.71,354
"Lasthenia californica","2017",37,"Grass","W",17,17,2,100,0.117647058823529,-2.17672412206952,-1.63466778080532,-1.13506247561691,0.17,355
"Lasthenia californica","2017",17,"No Grass","W",99,15,1,100,0.0666666666666667,-2.17672412206952,-1.63466778080532,-1.13506247561691,0.99,356
"Lasthenia californica","2017",96,"Grass","C",36,15,2,100,0.133333333333333,-2.17672412206952,-1.63466778080532,-1.13506247561691,0.36,357
"Lasthenia californica","2016",93,"Grass","D",0,0,0,54,NA,-2.17672412206952,-1.63466778080532,-1.13506247561691,0,358
"Lasthenia californica","2016",18,"No Grass","C",13,13,0,54,0,-2.17672412206952,-1.63466778080532,-1.13506247561691,0.240740740740741,359
"Lasthenia californica","2017",92,"No Grass","C",48,16,3,100,0.1875,-2.17672412206952,-1.63466778080532,-1.13506247561691,0.48,360
"Lasthenia californica","2016",81,"No Grass","D",7,7,0,54,0,-2.17672412206952,-1.63466778080532,-1.13506247561691,0.12962962962963,361
"Lasthenia californica","2016",17,"Grass","W",5,5,1,54,0.2,-2.17672412206952,-1.63466778080532,-1.13506247561691,0.0925925925925926,362
"Lasthenia californica","2016",83,"Grass","D",4,4,2,54,0.5,-2.17672412206952,-1.63466778080532,-1.13506247561691,0.0740740740740741,363
"Lasthenia californica","2016",19,"Grass","W",8,8,4,54,0.5,-2.17672412206952,-1.63466778080532,-1.13506247561691,0.148148148148148,364
"Lasthenia californica","2016",59,"No Grass","W",13,13,6,54,0.461538461538462,-2.17672412206952,-1.63466778080532,-1.13506247561691,0.240740740740741,365
"Lasthenia californica","2017",56,"No Grass","C",35,15,0,100,0,-2.17672412206952,-1.63466778080532,-1.13506247561691,0.35,366
"Lasthenia californica","2017",59,"No Grass","W",22,15,0,100,0,-2.17672412206952,-1.63466778080532,-1.13506247561691,0.22,367
"Lasthenia californica","2016",82,"Grass","C",4,4,0,54,0,-2.17672412206952,-1.63466778080532,-1.13506247561691,0.0740740740740741,368
"Lasthenia californica","2017",92,"Grass","C",50,16,1,100,0.0625,-2.17672412206952,-1.63466778080532,-1.13506247561691,0.5,369
"Lasthenia californica","2016",89,"Grass","D",20,20,6,54,0.3,-2.17672412206952,-1.63466778080532,-1.13506247561691,0.37037037037037,370
"Lasthenia californica","2016",19,"No Grass","W",10,10,3,54,0.3,-2.17672412206952,-1.63466778080532,-1.13506247561691,0.185185185185185,371
"Lasthenia californica","2016",59,"Grass","W",8,8,2,54,0.25,-2.17672412206952,-1.63466778080532,-1.13506247561691,0.148148148148148,372
"Lasthenia californica","2017",98,"No Grass","C",25,15,4,100,0.266666666666667,-2.17672412206952,-1.63466778080532,-1.13506247561691,0.25,373
"Lasthenia californica","2017",37,"No Grass","W",31,15,0,100,0,-2.17672412206952,-1.63466778080532,-1.13506247561691,0.31,374
"Lasthenia californica","2016",98,"No Grass","C",8,8,2,54,0.25,-2.17672412206952,-1.63466778080532,-1.13506247561691,0.148148148148148,375
"Lasthenia californica","2016",84,"Grass","C",0,0,0,54,NA,-2.17672412206952,-1.63466778080532,-1.13506247561691,0,376
"Lasthenia californica","2016",93,"No Grass","D",5,5,5,54,1,-2.17672412206952,-1.63466778080532,-1.13506247561691,0.0925925925925926,377
"Lasthenia californica","2017",29,"No Grass","W",16,16,8,100,0.5,-2.17672412206952,-1.63466778080532,-1.13506247561691,0.16,378
"Lasthenia californica","2017",56,"Grass","C",12,12,1,100,0.0833333333333333,-2.17672412206952,-1.63466778080532,-1.13506247561691,0.12,379
"Lasthenia californica","2017",49,"Grass","W",26,15,0,100,0,-2.17672412206952,-1.63466778080532,-1.13506247561691,0.26,380
"Lasthenia californica","2016",37,"Grass","W",0,0,0,54,NA,-2.17672412206952,-1.63466778080532,-1.13506247561691,0,381
"Lasthenia californica","2017",18,"No Grass","C",99,15,0,100,0,-2.17672412206952,-1.63466778080532,-1.13506247561691,0.99,382
"Lasthenia californica","2017",50,"Grass","C",29,15,0,100,0,-2.17672412206952,-1.63466778080532,-1.13506247561691,0.29,383
"Lasthenia californica","2017",86,"Grass","C",85,15,0,100,0,-2.17672412206952,-1.63466778080532,-1.13506247561691,0.85,384
"Lasthenia californica","2016",99,"No Grass","D",9,9,4,54,0.444444444444444,-2.17672412206952,-1.63466778080532,-1.13506247561691,0.166666666666667,385
"Lasthenia californica","2016",56,"No Grass","C",11,11,2,54,0.181818181818182,-2.17672412206952,-1.63466778080532,-1.13506247561691,0.203703703703704,386
"Lasthenia californica","2016",50,"Grass","C",10,9,6,54,0.666666666666667,-2.17672412206952,-1.63466778080532,-1.13506247561691,0.185185185185185,387
"Lasthenia californica","2017",29,"Grass","W",28,17,5,100,0.294117647058824,-2.17672412206952,-1.63466778080532,-1.13506247561691,0.28,388
"Lasthenia californica","2017",19,"Grass","W",65,15,0,100,0,-2.17672412206952,-1.63466778080532,-1.13506247561691,0.65,389
"Lasthenia californica","2017",82,"Grass","C",48,16,4,100,0.25,-2.17672412206952,-1.63466778080532,-1.13506247561691,0.48,390
"Lasthenia californica","2016",56,"Grass","C",4,4,1,54,0.25,-2.17672412206952,-1.63466778080532,-1.13506247561691,0.0740740740740741,391
"Lasthenia californica","2017",96,"No Grass","C",23,15,4,100,0.266666666666667,-2.17672412206952,-1.63466778080532,-1.13506247561691,0.23,392
"Lasthenia californica","2017",5,"Grass","W",44,15,0,100,0,-2.17672412206952,-1.63466778080532,-1.13506247561691,0.44,393
"Lasthenia californica","2016",91,"Grass","D",8,7,2,54,0.285714285714286,-2.17672412206952,-1.63466778080532,-1.13506247561691,0.148148148148148,394
"Lasthenia californica","2016",5,"Grass","W",2,2,0,54,0,-2.17672412206952,-1.63466778080532,-1.13506247561691,0.037037037037037,395
"Lasthenia californica","2016",15,"No Grass","W",6,6,2,54,0.333333333333333,-2.17672412206952,-1.63466778080532,-1.13506247561691,0.111111111111111,396
"Lasthenia californica","2016",95,"Grass","D",8,8,3,54,0.375,-2.17672412206952,-1.63466778080532,-1.13506247561691,0.148148148148148,397
"Lasthenia californica","2016",82,"No Grass","C",7,7,0,54,0,-2.17672412206952,-1.63466778080532,-1.13506247561691,0.12962962962963,398
"Lasthenia californica","2016",81,"Grass","D",13,13,5,54,0.384615384615385,-2.17672412206952,-1.63466778080532,-1.13506247561691,0.240740740740741,399
"Lasthenia californica","2017",49,"No Grass","W",24,15,0,100,0,-2.17672412206952,-1.63466778080532,-1.13506247561691,0.24,400
"Lasthenia californica","2017",30,"No Grass","C",24,15,2,100,0.133333333333333,-2.17672412206952,-1.63466778080532,-1.13506247561691,0.24,401
"Lasthenia californica","2016",98,"Grass","C",7,7,4,54,0.571428571428571,-2.17672412206952,-1.63466778080532,-1.13506247561691,0.12962962962963,402
"Lasthenia californica","2017",23,"Grass","W",45,15,2,100,0.133333333333333,-2.17672412206952,-1.63466778080532,-1.13506247561691,0.45,403
"Lasthenia californica","2017",17,"Grass","W",54,15,0,100,0,-2.17672412206952,-1.63466778080532,-1.13506247561691,0.54,404
"Lasthenia californica","2017",84,"No Grass","C",56,15,0,100,0,-2.17672412206952,-1.63466778080532,-1.13506247561691,0.56,405
"Lasthenia californica","2016",18,"Grass","C",9,9,4,54,0.444444444444444,-2.17672412206952,-1.63466778080532,-1.13506247561691,0.166666666666667,406
"Lasthenia californica","2016",92,"Grass","C",14,11,1,54,0.0909090909090909,-2.17672412206952,-1.63466778080532,-1.13506247561691,0.259259259259259,407
"Lasthenia californica","2017",30,"Grass","C",28,18,3,100,0.166666666666667,-2.17672412206952,-1.63466778080532,-1.13506247561691,0.28,408
"Lasthenia californica","2017",55,"No Grass","W",18,16,1,100,0.0625,-2.17672412206952,-1.63466778080532,-1.13506247561691,0.18,409
"Lasthenia californica","2017",98,"Grass","C",22,15,0,100,0,-2.17672412206952,-1.63466778080532,-1.13506247561691,0.22,410
"Lasthenia californica","2017",15,"No Grass","W",30,15,0,100,0,-2.17672412206952,-1.63466778080532,-1.13506247561691,0.3,411
"Lasthenia californica","2017",59,"Grass","W",39,15,0,100,0,-2.17672412206952,-1.63466778080532,-1.13506247561691,0.39,412
"Lasthenia californica","2016",91,"No Grass","D",17,17,3,54,0.176470588235294,-2.17672412206952,-1.63466778080532,-1.13506247561691,0.314814814814815,413
"Lasthenia californica","2016",97,"Grass","D",6,6,5,54,0.833333333333333,-2.17672412206952,-1.63466778080532,-1.13506247561691,0.111111111111111,414
"Lasthenia californica","2016",29,"No Grass","W",4,4,0,54,0,-2.17672412206952,-1.63466778080532,-1.13506247561691,0.0740740740740741,415
"Lasthenia californica","2016",99,"Grass","D",2,2,2,54,1,-2.17672412206952,-1.63466778080532,-1.13506247561691,0.037037037037037,416
"Plantago erecta","2016",5,"Grass","W",54,28,1,84,0.0357142857142857,0.102902256973463,-1.01453268637674,0.0861268277326971,0.642857142857143,417
"Plantago erecta","2016",56,"Grass","C",37,22,1,84,0.0454545454545455,0.102902256973463,-1.01453268637674,0.0861268277326971,0.44047619047619,418
"Plantago erecta","2016",97,"Grass","D",38,28,8,84,0.285714285714286,0.102902256973463,-1.01453268637674,0.0861268277326971,0.452380952380952,419
"Plantago erecta","2016",37,"Grass","W",84,25,4,84,0.16,0.102902256973463,-1.01453268637674,0.0861268277326971,1,420
"Plantago erecta","2017",82,"No Grass","C",21,20,12,99,0.6,0.102902256973463,-1.01453268637674,0.0861268277326971,0.212121212121212,421
"Plantago erecta","2016",83,"No Grass","D",18,15,2,84,0.133333333333333,0.102902256973463,-1.01453268637674,0.0861268277326971,0.214285714285714,422
"Plantago erecta","2016",97,"No Grass","D",45,24,5,84,0.208333333333333,0.102902256973463,-1.01453268637674,0.0861268277326971,0.535714285714286,423
"Plantago erecta","2016",56,"No Grass","C",37,24,5,84,0.208333333333333,0.102902256973463,-1.01453268637674,0.0861268277326971,0.44047619047619,424
"Plantago erecta","2016",98,"Grass","C",55,26,5,84,0.192307692307692,0.102902256973463,-1.01453268637674,0.0861268277326971,0.654761904761905,425
"Plantago erecta","2016",5,"No Grass","W",31,25,3,84,0.12,0.102902256973463,-1.01453268637674,0.0861268277326971,0.369047619047619,426
"Plantago erecta","2016",49,"Grass","W",43,25,4,84,0.16,0.102902256973463,-1.01453268637674,0.0861268277326971,0.511904761904762,427
"Plantago erecta","2016",93,"Grass","D",84,28,6,84,0.214285714285714,0.102902256973463,-1.01453268637674,0.0861268277326971,1,428
"Plantago erecta","2016",15,"Grass","W",34,27,6,84,0.222222222222222,0.102902256973463,-1.01453268637674,0.0861268277326971,0.404761904761905,429
"Plantago erecta","2016",23,"Grass","W",64,31,5,84,0.161290322580645,0.102902256973463,-1.01453268637674,0.0861268277326971,0.761904761904762,430
"Plantago erecta","2017",17,"Grass","W",45,15,0,99,0,0.102902256973463,-1.01453268637674,0.0861268277326971,0.454545454545455,431
"Plantago erecta","2017",49,"Grass","W",65,15,0,99,0,0.102902256973463,-1.01453268637674,0.0861268277326971,0.656565656565657,432
"Plantago erecta","2016",15,"No Grass","W",69,37,5,84,0.135135135135135,0.102902256973463,-1.01453268637674,0.0861268277326971,0.821428571428571,433
"Plantago erecta","2016",59,"No Grass","W",42,29,9,84,0.310344827586207,0.102902256973463,-1.01453268637674,0.0861268277326971,0.5,434
"Plantago erecta","2016",23,"No Grass","W",75,25,0,84,0,0.102902256973463,-1.01453268637674,0.0861268277326971,0.892857142857143,435
"Plantago erecta","2016",81,"Grass","D",42,27,3,84,0.111111111111111,0.102902256973463,-1.01453268637674,0.0861268277326971,0.5,436
"Plantago erecta","2016",50,"Grass","C",29,20,0,84,0,0.102902256973463,-1.01453268637674,0.0861268277326971,0.345238095238095,437
"Plantago erecta","2016",99,"Grass","D",29,22,2,84,0.0909090909090909,0.102902256973463,-1.01453268637674,0.0861268277326971,0.345238095238095,438
"Plantago erecta","2017",98,"No Grass","C",81,15,0,99,0,0.102902256973463,-1.01453268637674,0.0861268277326971,0.818181818181818,439
"Plantago erecta","2016",17,"Grass","W",56,27,5,84,0.185185185185185,0.102902256973463,-1.01453268637674,0.0861268277326971,0.666666666666667,440
"Plantago erecta","2016",81,"No Grass","D",56,34,7,84,0.205882352941176,0.102902256973463,-1.01453268637674,0.0861268277326971,0.666666666666667,441
"Plantago erecta","2016",99,"No Grass","D",45,23,4,84,0.173913043478261,0.102902256973463,-1.01453268637674,0.0861268277326971,0.535714285714286,442
"Plantago erecta","2017",49,"No Grass","W",77,15,0,99,0,0.102902256973463,-1.01453268637674,0.0861268277326971,0.777777777777778,443
"Plantago erecta","2017",18,"Grass","C",45,15,0,99,0,0.102902256973463,-1.01453268637674,0.0861268277326971,0.454545454545455,444
"Plantago erecta","2016",29,"No Grass","W",55,26,3,84,0.115384615384615,0.102902256973463,-1.01453268637674,0.0861268277326971,0.654761904761905,445
"Plantago erecta","2016",17,"No Grass","W",37,27,13,84,0.481481481481481,0.102902256973463,-1.01453268637674,0.0861268277326971,0.44047619047619,446
"Plantago erecta","2016",82,"Grass","C",78,35,10,84,0.285714285714286,0.102902256973463,-1.01453268637674,0.0861268277326971,0.928571428571429,447
"Plantago erecta","2017",29,"No Grass","W",86,15,1,99,0.0666666666666667,0.102902256973463,-1.01453268637674,0.0861268277326971,0.868686868686869,448
"Plantago erecta","2016",18,"Grass","C",21,18,7,84,0.388888888888889,0.102902256973463,-1.01453268637674,0.0861268277326971,0.25,449
"Plantago erecta","2016",30,"Grass","C",84,27,0,84,0,0.102902256973463,-1.01453268637674,0.0861268277326971,1,450
"Plantago erecta","2017",92,"Grass","C",50,15,0,99,0,0.102902256973463,-1.01453268637674,0.0861268277326971,0.505050505050505,451
"Plantago erecta","2016",82,"No Grass","C",50,34,15,84,0.441176470588235,0.102902256973463,-1.01453268637674,0.0861268277326971,0.595238095238095,452
"Plantago erecta","2016",18,"No Grass","C",23,19,8,84,0.421052631578947,0.102902256973463,-1.01453268637674,0.0861268277326971,0.273809523809524,453
"Plantago erecta","2017",19,"Grass","W",67,15,0,99,0,0.102902256973463,-1.01453268637674,0.0861268277326971,0.676767676767677,454
"Plantago erecta","2017",5,"No Grass","W",65,16,1,99,0.0625,0.102902256973463,-1.01453268637674,0.0861268277326971,0.656565656565657,455
"Plantago erecta","2017",55,"Grass","W",67,15,1,99,0.0666666666666667,0.102902256973463,-1.01453268637674,0.0861268277326971,0.676767676767677,456
"Plantago erecta","2016",19,"Grass","W",60,22,2,84,0.0909090909090909,0.102902256973463,-1.01453268637674,0.0861268277326971,0.714285714285714,457
"Plantago erecta","2016",83,"Grass","D",40,26,3,84,0.115384615384615,0.102902256973463,-1.01453268637674,0.0861268277326971,0.476190476190476,458
"Plantago erecta","2016",84,"No Grass","C",49,28,4,84,0.142857142857143,0.102902256973463,-1.01453268637674,0.0861268277326971,0.583333333333333,459
"Plantago erecta","2017",59,"No Grass","W",67,15,0,99,0,0.102902256973463,-1.01453268637674,0.0861268277326971,0.676767676767677,460
"Plantago erecta","2017",98,"Grass","C",99,15,0,99,0,0.102902256973463,-1.01453268637674,0.0861268277326971,1,461
"Plantago erecta","2017",19,"No Grass","W",78,15,0,99,0,0.102902256973463,-1.01453268637674,0.0861268277326971,0.787878787878788,462
"Plantago erecta","2017",15,"No Grass","W",89,15,0,99,0,0.102902256973463,-1.01453268637674,0.0861268277326971,0.898989898989899,463
"Plantago erecta","2017",37,"Grass","W",65,15,0,99,0,0.102902256973463,-1.01453268637674,0.0861268277326971,0.656565656565657,464
"Plantago erecta","2017",55,"No Grass","W",68,15,0,99,0,0.102902256973463,-1.01453268637674,0.0861268277326971,0.686868686868687,465
"Plantago erecta","2016",19,"No Grass","W",81,30,10,84,0.333333333333333,0.102902256973463,-1.01453268637674,0.0861268277326971,0.964285714285714,466
"Plantago erecta","2017",37,"No Grass","W",74,15,0,99,0,0.102902256973463,-1.01453268637674,0.0861268277326971,0.747474747474748,467
"Plantago erecta","2016",89,"No Grass","D",50,26,6,84,0.230769230769231,0.102902256973463,-1.01453268637674,0.0861268277326971,0.595238095238095,468
"Plantago erecta","2016",84,"Grass","C",24,20,2,84,0.1,0.102902256973463,-1.01453268637674,0.0861268277326971,0.285714285714286,469
"Plantago erecta","2016",59,"Grass","W",52,21,1,84,0.0476190476190476,0.102902256973463,-1.01453268637674,0.0861268277326971,0.619047619047619,470
"Plantago erecta","2017",23,"No Grass","W",87,15,1,99,0.0666666666666667,0.102902256973463,-1.01453268637674,0.0861268277326971,0.878787878787879,471
"Plantago erecta","2017",59,"Grass","W",76,15,0,99,0,0.102902256973463,-1.01453268637674,0.0861268277326971,0.767676767676768,472
"Plantago erecta","2017",84,"No Grass","C",69,15,0,99,0,0.102902256973463,-1.01453268637674,0.0861268277326971,0.696969696969697,473
"Plantago erecta","2017",5,"Grass","W",75,15,2,99,0.133333333333333,0.102902256973463,-1.01453268637674,0.0861268277326971,0.757575757575758,474
"Plantago erecta","2016",93,"No Grass","D",61,19,2,84,0.105263157894737,0.102902256973463,-1.01453268637674,0.0861268277326971,0.726190476190476,475
"Plantago erecta","2016",49,"No Grass","W",35,25,4,84,0.16,0.102902256973463,-1.01453268637674,0.0861268277326971,0.416666666666667,476
"Plantago erecta","2016",96,"Grass","C",38,27,6,84,0.222222222222222,0.102902256973463,-1.01453268637674,0.0861268277326971,0.452380952380952,477
"Plantago erecta","2016",89,"Grass","D",80,23,1,84,0.0434782608695652,0.102902256973463,-1.01453268637674,0.0861268277326971,0.952380952380952,478
"Plantago erecta","2016",29,"Grass","W",56,21,0,84,0,0.102902256973463,-1.01453268637674,0.0861268277326971,0.666666666666667,479
"Plantago erecta","2016",95,"Grass","D",44,25,4,84,0.16,0.102902256973463,-1.01453268637674,0.0861268277326971,0.523809523809524,480
"Plantago erecta","2016",96,"No Grass","C",32,22,2,84,0.0909090909090909,0.102902256973463,-1.01453268637674,0.0861268277326971,0.380952380952381,481
"Plantago erecta","2016",30,"No Grass","C",53,25,1,84,0.04,0.102902256973463,-1.01453268637674,0.0861268277326971,0.630952380952381,482
"Plantago erecta","2016",95,"No Grass","D",54,25,4,84,0.16,0.102902256973463,-1.01453268637674,0.0861268277326971,0.642857142857143,483
"Plantago erecta","2017",30,"No Grass","C",99,15,0,99,0,0.102902256973463,-1.01453268637674,0.0861268277326971,1,484
"Plantago erecta","2017",92,"No Grass","C",72,15,0,99,0,0.102902256973463,-1.01453268637674,0.0861268277326971,0.727272727272727,485
"Plantago erecta","2017",82,"Grass","C",87,18,4,99,0.222222222222222,0.102902256973463,-1.01453268637674,0.0861268277326971,0.878787878787879,486
"Plantago erecta","2016",50,"No Grass","C",31,22,3,84,0.136363636363636,0.102902256973463,-1.01453268637674,0.0861268277326971,0.369047619047619,487
"Plantago erecta","2017",50,"Grass","C",61,15,0,99,0,0.102902256973463,-1.01453268637674,0.0861268277326971,0.616161616161616,488
"Plantago erecta","2016",91,"Grass","D",66,31,12,84,0.387096774193548,0.102902256973463,-1.01453268637674,0.0861268277326971,0.785714285714286,489
"Plantago erecta","2017",15,"Grass","W",89,15,1,99,0.0666666666666667,0.102902256973463,-1.01453268637674,0.0861268277326971,0.898989898989899,490
"Plantago erecta","2017",86,"Grass","C",77,15,0,99,0,0.102902256973463,-1.01453268637674,0.0861268277326971,0.777777777777778,491
"Plantago erecta","2017",18,"No Grass","C",41,15,0,99,0,0.102902256973463,-1.01453268637674,0.0861268277326971,0.414141414141414,492
"Plantago erecta","2016",91,"No Grass","D",66,32,16,84,0.5,0.102902256973463,-1.01453268637674,0.0861268277326971,0.785714285714286,493
"Plantago erecta","2017",84,"Grass","C",72,15,1,99,0.0666666666666667,0.102902256973463,-1.01453268637674,0.0861268277326971,0.727272727272727,494
"Plantago erecta","2016",55,"Grass","W",36,22,1,84,0.0454545454545455,0.102902256973463,-1.01453268637674,0.0861268277326971,0.428571428571429,495
"Plantago erecta","2016",92,"Grass","C",65,27,5,84,0.185185185185185,0.102902256973463,-1.01453268637674,0.0861268277326971,0.773809523809524,496
"Plantago erecta","2016",55,"No Grass","W",33,23,3,84,0.130434782608696,0.102902256973463,-1.01453268637674,0.0861268277326971,0.392857142857143,497
"Plantago erecta","2017",56,"Grass","C",60,15,0,99,0,0.102902256973463,-1.01453268637674,0.0861268277326971,0.606060606060606,498
"Plantago erecta","2017",56,"No Grass","C",96,15,0,99,0,0.102902256973463,-1.01453268637674,0.0861268277326971,0.96969696969697,499
"Plantago erecta","2016",92,"No Grass","C",62,21,3,84,0.142857142857143,0.102902256973463,-1.01453268637674,0.0861268277326971,0.738095238095238,500
"Plantago erecta","2017",86,"No Grass","C",74,15,0,99,0,0.102902256973463,-1.01453268637674,0.0861268277326971,0.747474747474748,501
"Plantago erecta","2016",98,"No Grass","C",42,21,2,84,0.0952380952380952,0.102902256973463,-1.01453268637674,0.0861268277326971,0.5,502
"Plantago erecta","2017",50,"No Grass","C",99,15,0,99,0,0.102902256973463,-1.01453268637674,0.0861268277326971,1,503
"Plantago erecta","2017",96,"Grass","C",67,15,0,99,0,0.102902256973463,-1.01453268637674,0.0861268277326971,0.676767676767677,504
"Plantago erecta","2016",37,"No Grass","W",47,25,6,84,0.24,0.102902256973463,-1.01453268637674,0.0861268277326971,0.55952380952381,505
"Plantago erecta","2017",96,"No Grass","C",81,15,0,99,0,0.102902256973463,-1.01453268637674,0.0861268277326971,0.818181818181818,506
"Plantago erecta","2017",17,"No Grass","W",59,15,0,99,0,0.102902256973463,-1.01453268637674,0.0861268277326971,0.595959595959596,507
"Plantago erecta","2017",23,"Grass","W",99,15,0,99,0,0.102902256973463,-1.01453268637674,0.0861268277326971,1,508
"Plantago erecta","2017",29,"Grass","W",81,15,0,99,0,0.102902256973463,-1.01453268637674,0.0861268277326971,0.818181818181818,509
"Plantago erecta","2017",30,"Grass","C",86,15,0,99,0,0.102902256973463,-1.01453268637674,0.0861268277326971,0.868686868686869,510
