"Species","Plot","Subplot","Treat.Code","Year","Date","flo.a","flo.b","flo.c","avg.flo","sd.flo","n.ind","avg.seed.inf","n.seed.ind","cov.g","PC.G","PC.F","PC.s13"
"Agoseris heterophylla",55,"No Grass","W",2016,"2016-05-08",0,0,16,1.2,0.447213595499958,5,16.25,18.6115107945,NA,-0.715725194710067,-0.876427664975023,-2.31764141783942
"Agoseris heterophylla",19,"No Grass","W",2016,"2016-04-24",0,0,13,1.8,0.836660026534076,5,51.9285714285714,89.2125385556143,NA,-0.715725194710067,-0.876427664975023,-2.31764141783942
"Agoseris heterophylla",89,"No Grass","D",2016,"2016-05-08",0,0,15,2,0.707106781186548,5,37.1578947368421,70.9296983585263,NA,-0.715725194710067,-0.876427664975023,-2.31764141783942
"Agoseris heterophylla",17,"Grass","W",2016,"2016-05-08",0,0,15,1,0,5,36.5714285714286,34.9051044937143,80,-0.715725194710067,-0.876427664975023,-2.31764141783942
"Agoseris heterophylla",49,"No Grass","W",2016,"2016-05-20",0,0,6,2.2,0.447213595499958,5,40,83.990407688,NA,-0.715725194710067,-0.876427664975023,-2.31764141783942
"Agoseris heterophylla",15,"Grass","W",2016,"2016-05-20",0,0,5,1.4,0.894427190999916,5,62.2857142857143,83.2268585272,25,-0.715725194710067,-0.876427664975023,-2.31764141783942
"Agoseris heterophylla",30,"Grass","C",2016,"2016-04-24",0,0,16,1,0,5,5,4.772182255,35,-0.715725194710067,-0.876427664975023,-2.31764141783942
"Agoseris heterophylla",50,"Grass","C",2016,"2016-05-08",0,0,8,1,0,5,8,7.635491608,70,-0.715725194710067,-0.876427664975023,-2.31764141783942
"Agoseris heterophylla",81,"No Grass","D",2016,"2016-05-08",0,0,14,2.2,0.836660026534076,5,55.5882352941176,116.721963625235,NA,-0.715725194710067,-0.876427664975023,-2.31764141783942
"Agoseris heterophylla",55,"Grass","W",2016,"2016-05-08",0,0,13,1,0,5,3.66666666666667,3.49960032033334,80,-0.715725194710067,-0.876427664975023,-2.31764141783942
"Agoseris heterophylla",29,"No Grass","W",2016,"2016-04-24",4,1,14,1.4,0.547722557505166,5,45.4,60.66398082556,NA,-0.715725194710067,-0.876427664975023,-2.31764141783942
"Agoseris heterophylla",30,"No Grass","C",2016,"2016-05-08",0,1,15,2.8,1.30384048104053,5,26.3333333333333,70.3737809870666,NA,-0.715725194710067,-0.876427664975023,-2.31764141783942
"Agoseris heterophylla",5,"No Grass","W",2016,"2016-05-08",0,0,21,2.4,1.14017542509914,5,56.7,129.87971225208,NA,-0.715725194710067,-0.876427664975023,-2.31764141783942
"Agoseris heterophylla",23,"No Grass","W",2016,"2016-05-08",6,0,8,1.4,0.547722557505166,5,38.3,51.17688250262,NA,-0.715725194710067,-0.876427664975023,-2.31764141783942
"Agoseris heterophylla",23,"Grass","W",2016,"2016-05-08",1,0,9,1.6,0.547722557505166,5,25.6,39.09371703296,30,-0.715725194710067,-0.876427664975023,-2.31764141783942
"Agoseris heterophylla",56,"No Grass","C",2016,"2016-05-08",0,1,10,1.2,0.447213595499958,5,21.4,24.50992806168,NA,-0.715725194710067,-0.876427664975023,-2.31764141783942
"Agoseris heterophylla",19,"Grass","W",2016,"2016-05-08",1,0,15,1,0,5,48.8888888888889,46.6613376044445,30,-0.715725194710067,-0.876427664975023,-2.31764141783942
"Agoseris heterophylla",92,"Grass","C",2016,"2016-04-24",3,6,5,1,0,5,17,16.225419667,25,-0.715725194710067,-0.876427664975023,-2.31764141783942
"Agoseris heterophylla",15,"No Grass","W",2016,"2016-05-08",0,0,20,2.2,0.836660026534076,5,67.2,141.10388491584,NA,-0.715725194710067,-0.876427664975023,-2.31764141783942
"Agoseris heterophylla",96,"Grass","C",2016,"2016-05-08",0,1,11,1.4,0.547722557505166,5,31.1666666666667,41.6452438119666,30,-0.715725194710067,-0.876427664975023,-2.31764141783942
"Agoseris heterophylla",59,"Grass","W",2016,"2016-04-24",0,0,15,1.2,0.447213595499958,5,18,20.6158273416,40,-0.715725194710067,-0.876427664975023,-2.31764141783942
"Agoseris heterophylla",18,"Grass","C",2016,"2016-04-24",3,2,12,1,0,5,51,48.676259001,40,-0.715725194710067,-0.876427664975023,-2.31764141783942
"Agoseris heterophylla",99,"No Grass","D",2016,"2016-05-08",0,6,12,2.4,1.34164078649987,5,32.2857142857143,73.9551901460571,NA,-0.715725194710067,-0.876427664975023,-2.31764141783942
"Agoseris heterophylla",18,"No Grass","C",2016,"2016-05-08",0,0,13,3.8,1.48323969741913,5,52.1666666666667,189.201119136566,NA,-0.715725194710067,-0.876427664975023,-2.31764141783942
"Agoseris heterophylla",82,"Grass","C",2016,"2016-05-08",0,0,15,1.8,0.447213595499958,5,31.1428571428571,53.5029804817715,10,-0.715725194710067,-0.876427664975023,-2.31764141783942
"Agoseris heterophylla",82,"No Grass","C",2016,"2016-05-08",0,0,12,2.4,1.14017542509914,5,50.5,115.6776978612,NA,-0.715725194710067,-0.876427664975023,-2.31764141783942
"Agoseris heterophylla",89,"Grass","D",2016,"2016-05-08",0,0,16,1.4,0.547722557505166,5,33.6666666666667,44.9857713904666,10,-0.715725194710067,-0.876427664975023,-2.31764141783942
"Agoseris heterophylla",97,"Grass","D",2016,"2016-05-08",0,0,13,1,0,5,3.75,3.57913669125,60,-0.715725194710067,-0.876427664975023,-2.31764141783942
"Agoseris heterophylla",98,"No Grass","C",2016,"2016-05-20",1,1,4,1,0,5,16,15.270983216,NA,-0.715725194710067,-0.876427664975023,-2.31764141783942
"Agoseris heterophylla",37,"No Grass","W",2016,"2016-05-08",1,0,10,1.8,0.447213595499958,5,33.5555555555556,57.6479616404,NA,-0.715725194710067,-0.876427664975023,-2.31764141783942
"Agoseris heterophylla",84,"Grass","C",2016,"2016-05-08",1,0,11,2.2,0.836660026534076,5,32.25,67.71726619845,40,-0.715725194710067,-0.876427664975023,-2.31764141783942
"Agoseris heterophylla",5,"Grass","W",2016,"2016-04-24",3,0,18,1,0,5,28.1666666666667,26.8832933698334,30,-0.715725194710067,-0.876427664975023,-2.31764141783942
"Agoseris heterophylla",83,"Grass","D",2016,"2016-04-24",0,10,6,1,0,5,14.6,13.9347721846,80,-0.715725194710067,-0.876427664975023,-2.31764141783942
"Agoseris heterophylla",59,"No Grass","W",2016,"2016-05-08",0,4,11,1.6,0.547722557505166,5,38.7142857142857,59.1205207362286,NA,-0.715725194710067,-0.876427664975023,-2.31764141783942
"Agoseris heterophylla",92,"No Grass","C",2016,"2016-05-08",4,0,10,2.4,1.14017542509914,5,41.8,95.74906476432,NA,-0.715725194710067,-0.876427664975023,-2.31764141783942
"Agoseris heterophylla",81,"Grass","D",2016,"2016-04-24",0,1,7,1,0,5,18.6,17.7525179886,80,-0.715725194710067,-0.876427664975023,-2.31764141783942
"Agoseris heterophylla",93,"Grass","D",2016,"2016-05-08",0,0,13,2,1.22474487139159,5,35.4,67.5741007308,25,-0.715725194710067,-0.876427664975023,-2.31764141783942
"Agoseris heterophylla",96,"No Grass","C",2016,"2016-05-20",0,0,11,2.4,0.894427190999916,5,39.125,89.6215827489,NA,-0.715725194710067,-0.876427664975023,-2.31764141783942
"Agoseris heterophylla",37,"Grass","W",2016,"2016-05-08",0,0,16,1,0,5,15,14.316546765,30,-0.715725194710067,-0.876427664975023,-2.31764141783942
"Agoseris heterophylla",50,"No Grass","C",2016,"2016-05-08",1,0,10,2,1.4142135623731,5,30.2222222222222,57.6903810382222,NA,-0.715725194710067,-0.876427664975023,-2.31764141783942
"Agoseris heterophylla",95,"No Grass","D",2016,"2016-05-20",0,0,18,2.6,0.894427190999916,5,39.6666666666667,98.4342126464663,NA,-0.715725194710067,-0.876427664975023,-2.31764141783942
"Agoseris heterophylla",56,"Grass","C",2016,"2016-04-24",0,5,9,1,0,5,27.6,26.3424460476,70,-0.715725194710067,-0.876427664975023,-2.31764141783942
"Agoseris heterophylla",97,"No Grass","D",2016,"2016-05-08",4,5,10,2.4,1.14017542509914,5,38.7272727272727,88.7105297729454,NA,-0.715725194710067,-0.876427664975023,-2.31764141783942
"Agoseris heterophylla",95,"Grass","D",2016,"2016-05-08",0,0,18,2.4,0.894427190999916,5,34.9,79.94359713576,30,-0.715725194710067,-0.876427664975023,-2.31764141783942
"Agoseris heterophylla",93,"No Grass","D",2016,"2016-04-24",1,10,0,2.2,1.78885438199983,5,45.9,96.37899282198,NA,-0.715725194710067,-0.876427664975023,-2.31764141783942
"Agoseris heterophylla",83,"No Grass","D",2016,"2016-04-24",2,2,15,1.6,0.547722557505166,5,57.5,87.808153492,NA,-0.715725194710067,-0.876427664975023,-2.31764141783942
"Agoseris heterophylla",17,"No Grass","W",2016,"2016-05-08",2,1,11,2,0.707106781186548,5,50.1111111111111,95.6557420891109,NA,-0.715725194710067,-0.876427664975023,-2.31764141783942
"Agoseris heterophylla",84,"No Grass","C",2016,"2016-05-20",0,0,16,3.8,1.30384048104053,5,44.2857142857143,160.618019896857,NA,-0.715725194710067,-0.876427664975023,-2.31764141783942
"Agoseris heterophylla",5,"Grass","W",2017,"2017-05-19",0,0,2,1.4,0.547722557505166,5,42.3571428571429,56.5980815443,80,-0.715725194710067,-0.876427664975023,-2.31764141783942
"Agoseris heterophylla",49,"No Grass","W",2017,"2017-05-19",0,0,1,1.2,0.447213595499958,5,16,18.3251798592,NA,-0.715725194710067,-0.876427664975023,-2.31764141783942
"Agoseris heterophylla",92,"Grass","C",2017,"2017-05-19",0,0,6,1,0,5,13,12.407673863,100,-0.715725194710067,-0.876427664975023,-2.31764141783942
"Agoseris heterophylla",50,"No Grass","C",2017,"2017-05-19",0,0,7,1,0,5,12.3333333333333,11.7713828956666,NA,-0.715725194710067,-0.876427664975023,-2.31764141783942
"Agoseris heterophylla",82,"No Grass","C",2017,"2017-05-19",0,0,7,2.2,0.447213595499958,5,26.3333333333333,55.2936850612666,NA,-0.715725194710067,-0.876427664975023,-2.31764141783942
"Agoseris heterophylla",56,"Grass","C",2017,"2017-05-19",0,0,3,1,0,5,20.5454545454545,19.6093307205454,80,-0.715725194710067,-0.876427664975023,-2.31764141783942
"Agoseris heterophylla",59,"Grass","W",2017,"2017-05-19",0,0,2,1,0,5,14.5,13.8393285395,100,-0.715725194710067,-0.876427664975023,-2.31764141783942
"Agoseris heterophylla",86,"No Grass","C",2017,"2017-05-19",0,0,8,1,0,5,23.125,22.071342929375,NA,-0.715725194710067,-0.876427664975023,-2.31764141783942
"Agoseris heterophylla",84,"No Grass","C",2017,"2017-05-19",0,0,4,1.4,0.547722557505166,5,24.5833333333333,32.8485211885834,NA,-0.715725194710067,-0.876427664975023,-2.31764141783942
"Agoseris heterophylla",84,"Grass","C",2017,"2017-05-19",0,0,4,1,0,4,24.375,23.264388493125,50,-0.715725194710067,-0.876427664975023,-2.31764141783942
"Agoseris heterophylla",19,"Grass","W",2017,"2017-05-19",0,0,10,1,0,5,24.75,23.62230216225,85,-0.715725194710067,-0.876427664975023,-2.31764141783942
"Agoseris heterophylla",37,"No Grass","W",2017,"2017-05-19",0,0,3,1,0,5,13.6,12.9803357336,NA,-0.715725194710067,-0.876427664975023,-2.31764141783942
"Agoseris heterophylla",15,"Grass","W",2017,"2017-05-19",0,0,8,1.2,0.447213595499958,5,36.8461538461538,42.2007747719077,30,-0.715725194710067,-0.876427664975023,-2.31764141783942
"Agoseris heterophylla",98,"No Grass","C",2017,"2017-05-19",0,0,6,1,0,5,13.6666666666667,13.0439648303334,NA,-0.715725194710067,-0.876427664975023,-2.31764141783942
"Agoseris heterophylla",37,"Grass","W",2017,"2017-05-19",0,0,4,1,0,5,14.7142857142857,14.0438506361428,80,-0.715725194710067,-0.876427664975023,-2.31764141783942
"Agoseris heterophylla",17,"No Grass","W",2017,"2017-05-19",0,0,12,1.6,0.547722557505166,5,25.5,38.9410072008,NA,-0.715725194710067,-0.876427664975023,-2.31764141783942
"Agoseris heterophylla",23,"Grass","W",2017,"2017-05-19",0,0,6,1,0,5,11.6666666666667,11.1350919283334,70,-0.715725194710067,-0.876427664975023,-2.31764141783942
"Agoseris heterophylla",96,"No Grass","C",2017,"2017-05-19",0,0,13,2.2,0.836660026534076,5,53.4615384615385,112.256410275308,NA,-0.715725194710067,-0.876427664975023,-2.31764141783942
"Agoseris heterophylla",55,"Grass","W",2017,"2017-05-19",0,0,2,1,0,5,10.1818181818182,9.71789841018184,40,-0.715725194710067,-0.876427664975023,-2.31764141783942
"Agoseris heterophylla",18,"No Grass","C",2017,"2017-05-19",0,0,13,1.4,0.547722557505166,5,22,29.3966426908,NA,-0.715725194710067,-0.876427664975023,-2.31764141783942
"Agoseris heterophylla",15,"No Grass","W",2017,"2017-05-19",0,0,7,1,0,5,16,15.270983216,NA,-0.715725194710067,-0.876427664975023,-2.31764141783942
"Agoseris heterophylla",82,"Grass","C",2017,"2017-05-19",0,0,11,1.6,0.547722557505166,5,57.5,87.808153492,45,-0.715725194710067,-0.876427664975023,-2.31764141783942
"Agoseris heterophylla",29,"No Grass","W",2017,"2017-05-19",0,0,14,2.4,1.14017542509914,5,40.7692307692308,93.387935820923,NA,-0.715725194710067,-0.876427664975023,-2.31764141783942
"Agoseris heterophylla",18,"Grass","C",2017,"2017-05-19",0,0,7,1,0,5,16.1111111111111,15.3770317105555,95,-0.715725194710067,-0.876427664975023,-2.31764141783942
"Agoseris heterophylla",59,"No Grass","W",2017,"2017-05-19",0,0,6,1.2,0.447213595499958,5,26.6666666666667,30.541966432,NA,-0.715725194710067,-0.876427664975023,-2.31764141783942
"Agoseris heterophylla",30,"Grass","C",2017,"2017-05-19",0,0,5,1.4,0.547722557505166,5,18.5833333333333,24.8312550001834,75,-0.715725194710067,-0.876427664975023,-2.31764141783942
"Agoseris heterophylla",98,"Grass","C",2017,"2017-05-19",0,0,2,1,0,5,17.7777777777778,16.9677591288889,80,-0.715725194710067,-0.876427664975023,-2.31764141783942
"Agoseris heterophylla",17,"Grass","W",2017,"2017-05-19",0,0,10,1.2,0.447213595499958,5,17,19.4705036004,90,-0.715725194710067,-0.876427664975023,-2.31764141783942
"Agoseris heterophylla",96,"Grass","C",2017,"2017-05-19",0,0,6,1,0,5,41,39.131894491,25,-0.715725194710067,-0.876427664975023,-2.31764141783942
"Agoseris heterophylla",86,"Grass","C",2017,"2017-05-19",0,0,8,2,1,5,20,38.17745804,40,-0.715725194710067,-0.876427664975023,-2.31764141783942
"Agoseris heterophylla",30,"No Grass","C",2017,"2017-05-19",0,0,10,2.2,1.09544511501033,5,32.7222222222222,68.7088196225445,NA,-0.715725194710067,-0.876427664975023,-2.31764141783942
"Agoseris heterophylla",49,"Grass","W",2017,"2017-05-19",0,0,2,1,0,5,23.2,22.1429256632,120,-0.715725194710067,-0.876427664975023,-2.31764141783942
"Agoseris heterophylla",56,"No Grass","C",2017,"2017-05-19",0,0,5,1.4,0.547722557505166,5,26,34.7414868164,NA,-0.715725194710067,-0.876427664975023,-2.31764141783942
"Agoseris heterophylla",55,"No Grass","W",2017,"2017-05-19",0,0,4,1,0,5,20.6153846153846,19.6760745283077,NA,-0.715725194710067,-0.876427664975023,-2.31764141783942
"Agoseris heterophylla",19,"No Grass","W",2017,"2017-05-19",0,0,12,2,0.707106781186548,5,41.6875,79.576139102125,NA,-0.715725194710067,-0.876427664975023,-2.31764141783942
"Agoseris heterophylla",29,"Grass","W",2017,"2017-05-19",0,0,7,1.6,0.547722557505166,5,23.2857142857143,35.5595752029715,85,-0.715725194710067,-0.876427664975023,-2.31764141783942
"Agoseris heterophylla",50,"Grass","C",2017,"2017-05-19",0,0,5,1,0,5,21.6666666666667,20.6794564383334,95,-0.715725194710067,-0.876427664975023,-2.31764141783942
"Agoseris heterophylla",92,"No Grass","C",2017,"2017-05-19",0,0,14,2,1,5,45.9166666666667,87.6490807501666,NA,-0.715725194710067,-0.876427664975023,-2.31764141783942
"Agoseris heterophylla",5,"No Grass","W",2017,"2017-05-19",0,0,5,1.4,0.547722557505166,5,20.375,27.225299764775,NA,-0.715725194710067,-0.876427664975023,-2.31764141783942
"Agoseris heterophylla",23,"No Grass","W",2017,"2017-05-19",0,0,4,1,0,5,28.7272727272727,27.4183562287272,NA,-0.715725194710067,-0.876427664975023,-2.31764141783942
"Calycadenia pauciflora",84,"Grass","C",2017,"2017-08-21",0,0,3,19.4,15.7575378787424,5,3.5,31.06425,50,0.771092143133398,1.54518049907422,1.73249998728004
"Calycadenia pauciflora",18,"Grass","C",2017,"2017-08-21",0,0,3,3,1.73205080756888,3,3.75,5.146875,95,0.771092143133398,1.54518049907422,1.73249998728004
"Calycadenia pauciflora",92,"Grass","C",2017,"2017-08-21",0,0,5,1.8,0.836660026534076,5,2,1.647,100,0.771092143133398,1.54518049907422,1.73249998728004
"Calycadenia pauciflora",19,"Grass","W",2017,"2017-08-21",0,0,3,7,4.35889894354067,3,3.79,12.137475,85,0.771092143133398,1.54518049907422,1.73249998728004
"Calycadenia pauciflora",92,"No Grass","C",2017,"2017-08-21",0,0,4,3.33333333333333,1.15470053837925,3,2.125,3.240625,NA,0.771092143133398,1.54518049907422,1.73249998728004
"Calycadenia pauciflora",5,"Grass","W",2017,"2017-08-21",0,0,1,3.8,2.38746727726266,5,2.6875,4.67221875,80,0.771092143133398,1.54518049907422,1.73249998728004
"Calycadenia pauciflora",82,"Grass","C",2017,"2017-08-21",0,0,3,11.3333333333333,3.78593889720018,3,5.15384615384615,26.7226923076923,45,0.771092143133398,1.54518049907422,1.73249998728004
"Calycadenia pauciflora",49,"Grass","W",2017,"2017-08-21",0,0,7,8.6,3.84707681233427,5,3,11.8035,120,0.771092143133398,1.54518049907422,1.73249998728004
"Calycadenia pauciflora",19,"No Grass","W",2017,"2017-08-21",0,0,8,12.2,5.54075807087803,5,4.29166666666667,23.9539375,NA,0.771092143133398,1.54518049907422,1.73249998728004
"Calycadenia pauciflora",50,"Grass","C",2017,"2017-08-21",0,0,7,5.6,5.31977443130815,5,5.125,13.13025,95,0.771092143133398,1.54518049907422,1.73249998728004
"Calycadenia pauciflora",84,"No Grass","C",2017,"2017-08-21",0,0,3,14.25,20.7103033938826,4,2.42857142857143,15.8327678571429,NA,0.771092143133398,1.54518049907422,1.73249998728004
"Calycadenia pauciflora",37,"Grass","W",2017,"2017-06-26",4,1,0,2.6,1.67332005306815,5,3.63636363636364,4.32545454545455,80,0.771092143133398,1.54518049907422,1.73249998728004
"Calycadenia pauciflora",59,"No Grass","W",2017,"2017-08-21",0,0,3,3.66666666666667,2.51661147842358,3,4.875,8.1778125,NA,0.771092143133398,1.54518049907422,1.73249998728004
"Calycadenia pauciflora",59,"Grass","W",2017,"2017-08-21",0,0,2,2,1.4142135623731,2,0.333333333333333,0.305,100,0.771092143133398,1.54518049907422,1.73249998728004
"Calycadenia pauciflora",15,"Grass","W",2017,"2017-08-21",0,1,12,9.2,8.89943818451479,5,1.8,7.5762,30,0.771092143133398,1.54518049907422,1.73249998728004
"Calycadenia pauciflora",56,"Grass","C",2017,"2017-08-21",0,0,4,1.5,0.707106781186548,2,5.33333333333333,3.66,80,0.771092143133398,1.54518049907422,1.73249998728004
"Calycadenia pauciflora",17,"No Grass","W",2017,"2017-08-21",0,0,4,10.6,9.37016542009798,5,3.05555555555556,14.8179166666667,NA,0.771092143133398,1.54518049907422,1.73249998728004
"Calycadenia pauciflora",50,"No Grass","C",2017,"2017-08-21",0,0,4,5.66666666666667,3.78593889720018,3,4.35714285714286,11.2958928571429,NA,0.771092143133398,1.54518049907422,1.73249998728004
"Calycadenia pauciflora",17,"Grass","W",2017,"2017-08-21",0,0,1,3,NA,1,3.5,4.80375,90,0.771092143133398,1.54518049907422,1.73249998728004
"Calycadenia pauciflora",15,"No Grass","W",2017,"2017-08-21",0,0,4,12.25,4.99165971062398,4,3.6,20.17575,NA,0.771092143133398,1.54518049907422,1.73249998728004
"Calycadenia pauciflora",49,"No Grass","W",2017,"2017-08-21",0,0,2,1.5,0.707106781186548,2,3.93333333333333,2.69925,NA,0.771092143133398,1.54518049907422,1.73249998728004
"Calycadenia pauciflora",98,"Grass","C",2017,"2017-08-21",0,0,2,2,1.4142135623731,2,2.66666666666667,2.44,80,0.771092143133398,1.54518049907422,1.73249998728004
"Calycadenia pauciflora",86,"Grass","C",2017,"2017-08-21",0,1,9,26.8,15.6748205731358,5,1.9,23.2959,40,0.771092143133398,1.54518049907422,1.73249998728004
"Calycadenia pauciflora",23,"Grass","W",2017,"2017-08-21",0,0,2,5.2,2.38746727726266,5,3.4375,8.1778125,70,0.771092143133398,1.54518049907422,1.73249998728004
"Calycadenia pauciflora",5,"No Grass","W",2017,"2017-08-21",0,0,2,6.6,2.19089023002066,5,3.52380952380952,10.6401428571429,NA,0.771092143133398,1.54518049907422,1.73249998728004
"Calycadenia pauciflora",86,"No Grass","C",2017,"2017-06-26",2,0,0,8.5,4.94974746830583,2,4.35616438356164,16.9400342465754,NA,0.771092143133398,1.54518049907422,1.73249998728004
"Calycadenia pauciflora",23,"No Grass","W",2017,"2017-08-21",0,0,3,5.8,4.08656334834051,5,3,7.9605,NA,0.771092143133398,1.54518049907422,1.73249998728004
"Calycadenia pauciflora",96,"No Grass","C",2017,"2017-08-21",0,0,2,2,NA,1,4,3.66,NA,0.771092143133398,1.54518049907422,1.73249998728004
"Clarkia purpurea",30,"No Grass","C",2016,"2016-05-20",1,3,12,2.2,0.836660026534076,5,25.4705882352941,54.1674509990706,NA,0.563663236086071,0.605290877224273,1.08410568900997
"Clarkia purpurea",29,"No Grass","W",2016,"2016-05-20",0,0,20,2,1,5,26.6111111111111,51.4481481658889,NA,0.563663236086071,0.605290877224273,1.08410568900997
"Clarkia purpurea",17,"No Grass","W",2016,"2016-06-08",0,0,18,1.4,0.547722557505166,5,22.8461538461538,30.9184615491231,NA,0.563663236086071,0.605290877224273,1.08410568900997
"Clarkia purpurea",82,"No Grass","C",2016,"2016-05-20",4,1,9,2,1,5,21.5833333333333,41.7277777921667,NA,0.563663236086071,0.605290877224273,1.08410568900997
"Clarkia purpurea",59,"No Grass","W",2016,"2016-05-20",10,2,6,2.6,0.547722557505166,5,31.4666666666667,79.0862222494933,NA,0.563663236086071,0.605290877224273,1.08410568900997
"Clarkia purpurea",81,"Grass","D",2016,"2016-05-20",5,0,13,1,0,5,7.71428571428571,7.45714285971428,80,0.563663236086071,0.605290877224273,1.08410568900997
"Clarkia purpurea",59,"Grass","W",2016,"2016-05-20",0,0,18,1,0,5,9.7,9.3766666699,40,0.563663236086071,0.605290877224273,1.08410568900997
"Clarkia purpurea",98,"Grass","C",2016,"2016-05-20",0,0,3,1,0,3,3,2.900000001,75,0.563663236086071,0.605290877224273,1.08410568900997
"Clarkia purpurea",81,"No Grass","D",2016,"2016-05-20",0,0,16,1.4,0.547722557505166,5,16.5625,22.4145833410625,NA,0.563663236086071,0.605290877224273,1.08410568900997
"Clarkia purpurea",91,"Grass","D",2016,"2016-05-20",3,2,10,1,0,5,6.77777777777778,6.55185185411111,50,0.563663236086071,0.605290877224273,1.08410568900997
"Clarkia purpurea",18,"No Grass","C",2016,"2016-05-20",3,3,17,1.8,0.836660026534076,5,20.4,35.49600001224,NA,0.563663236086071,0.605290877224273,1.08410568900997
"Clarkia purpurea",89,"Grass","D",2016,"2016-05-20",2,0,9,1,0,5,13.3125,12.8687500044375,10,0.563663236086071,0.605290877224273,1.08410568900997
"Clarkia purpurea",56,"Grass","C",2016,"2016-06-08",0,0,17,1,0,5,5,4.833333335,70,0.563663236086071,0.605290877224273,1.08410568900997
"Clarkia purpurea",23,"Grass","W",2016,"2016-06-08",0,0,7,1,0,5,18.5,17.8833333395,30,0.563663236086071,0.605290877224273,1.08410568900997
"Clarkia purpurea",19,"Grass","W",2016,"2016-05-20",0,0,21,3.8,1.48323969741913,5,32.6923076923077,120.089743631154,30,0.563663236086071,0.605290877224273,1.08410568900997
"Clarkia purpurea",92,"Grass","C",2016,"2016-06-08",0,1,20,1.4,0.547722557505166,5,26.6666666666667,36.0888889013333,25,0.563663236086071,0.605290877224273,1.08410568900997
"Clarkia purpurea",93,"No Grass","D",2016,"2016-05-20",0,0,3,1,0,3,9,8.700000003,NA,0.563663236086071,0.605290877224273,1.08410568900997
"Clarkia purpurea",99,"Grass","D",2016,"2016-05-20",3,0,4,1,0,5,4.5,4.3500000015,90,0.563663236086071,0.605290877224273,1.08410568900997
"Clarkia purpurea",15,"No Grass","W",2016,"2016-06-08",0,0,20,1.8,0.836660026534076,5,17.6842105263158,30.7705263264,NA,0.563663236086071,0.605290877224273,1.08410568900997
"Clarkia purpurea",29,"Grass","W",2016,"2016-05-20",0,0,16,1,0,5,11.5454545454545,11.1606060644545,50,0.563663236086071,0.605290877224273,1.08410568900997
"Clarkia purpurea",84,"No Grass","C",2016,"2016-06-08",0,0,13,3.2,1.92353840616713,5,28.304347826087,87.554782638887,NA,0.563663236086071,0.605290877224273,1.08410568900997
"Clarkia purpurea",19,"No Grass","W",2016,"2016-06-08",0,0,23,3.4,1.51657508881031,5,33.4,109.77466670452,NA,0.563663236086071,0.605290877224273,1.08410568900997
"Clarkia purpurea",83,"Grass","D",2016,"2016-05-20",0,0,9,1,0,5,4.07142857142857,3.93571428707143,80,0.563663236086071,0.605290877224273,1.08410568900997
"Clarkia purpurea",91,"No Grass","D",2016,"2016-06-08",0,0,17,1,0,5,29.8,28.8066666766,NA,0.563663236086071,0.605290877224273,1.08410568900997
"Clarkia purpurea",83,"No Grass","D",2016,"2016-05-08",16,1,0,3.4,1.34164078649987,5,33,108.4600000374,NA,0.563663236086071,0.605290877224273,1.08410568900997
"Clarkia purpurea",50,"Grass","C",2016,"2016-05-20",1,0,11,1,0,5,4.30769230769231,4.16410256553846,70,0.563663236086071,0.605290877224273,1.08410568900997
"Clarkia purpurea",17,"Grass","W",2016,"2016-05-20",3,1,6,1,0,5,13.4166666666667,12.9694444489167,80,0.563663236086071,0.605290877224273,1.08410568900997
"Clarkia purpurea",15,"Grass","W",2016,"2016-05-20",1,1,3,1,0,5,17.1428571428571,16.5714285771428,25,0.563663236086071,0.605290877224273,1.08410568900997
"Clarkia purpurea",37,"No Grass","W",2016,"2016-06-08",0,0,10,1,0,5,21.6,20.8800000072,NA,0.563663236086071,0.605290877224273,1.08410568900997
"Clarkia purpurea",23,"No Grass","W",2016,"2016-06-08",0,0,23,2.2,0.836660026534076,5,27.5,58.4833333535,NA,0.563663236086071,0.605290877224273,1.08410568900997
"Clarkia purpurea",89,"No Grass","D",2016,"2016-06-08",0,0,21,1.4,0.547722557505166,5,20.1818181818182,27.3127272821455,NA,0.563663236086071,0.605290877224273,1.08410568900997
"Clarkia purpurea",5,"Grass","W",2016,"2016-05-20",0,0,8,1,0,5,9.72727272727273,9.40303030627273,30,0.563663236086071,0.605290877224273,1.08410568900997
"Clarkia purpurea",18,"Grass","C",2016,"2016-06-08",0,0,12,1.6,0.894427190999916,5,18.5625,28.7100000099,40,0.563663236086071,0.605290877224273,1.08410568900997
"Clarkia purpurea",96,"Grass","C",2016,"2016-06-08",0,0,11,1,0,5,10.5,10.1500000035,30,0.563663236086071,0.605290877224273,1.08410568900997
"Clarkia purpurea",56,"No Grass","C",2016,"2016-06-08",0,0,15,1,0,5,27.2,26.2933333424,NA,0.563663236086071,0.605290877224273,1.08410568900997
"Clarkia purpurea",49,"No Grass","W",2016,"2016-06-08",0,0,17,2.4,1.51657508881031,5,20.24,46.956800016192,NA,0.563663236086071,0.605290877224273,1.08410568900997
"Clarkia purpurea",92,"No Grass","C",2016,"2016-06-08",0,0,16,2.4,1.14017542509914,5,32.0833333333333,74.433333359,NA,0.563663236086071,0.605290877224273,1.08410568900997
"Clarkia purpurea",5,"No Grass","W",2016,"2016-05-20",0,1,21,1.4,0.894427190999916,5,32.2,43.57733334836,NA,0.563663236086071,0.605290877224273,1.08410568900997
"Clarkia purpurea",93,"Grass","D",2016,"2016-05-20",0,0,4,1,0,4,12.8333333333333,12.4055555598333,25,0.563663236086071,0.605290877224273,1.08410568900997
"Clarkia purpurea",55,"No Grass","W",2016,"2016-06-08",0,0,14,1,0,5,12.6666666666667,12.2444444486667,NA,0.563663236086071,0.605290877224273,1.08410568900997
"Clarkia purpurea",55,"Grass","W",2016,"2016-06-08",0,0,10,1,0,5,7,6.766666669,80,0.563663236086071,0.605290877224273,1.08410568900997
"Clarkia purpurea",95,"No Grass","D",2016,"2016-06-08",0,0,10,1,0,5,18.8,18.1733333396,NA,0.563663236086071,0.605290877224273,1.08410568900997
"Clarkia purpurea",97,"No Grass","D",2016,"2016-06-08",0,0,5,1,0,5,14.6,14.1133333382,NA,0.563663236086071,0.605290877224273,1.08410568900997
"Clarkia purpurea",99,"No Grass","D",2016,"2016-06-08",0,0,15,1,0,5,15.6153846153846,15.0948718000769,NA,0.563663236086071,0.605290877224273,1.08410568900997
"Clarkia purpurea",50,"No Grass","C",2016,"2016-06-08",0,0,10,1.6,0.547722557505166,5,24.8888888888889,38.4948148280889,NA,0.563663236086071,0.605290877224273,1.08410568900997
"Clarkia purpurea",49,"Grass","W",2016,"2016-05-20",1,1,11,1,0,5,17.8,17.2066666726,90,0.563663236086071,0.605290877224273,1.08410568900997
"Clarkia purpurea",96,"No Grass","C",2016,"2016-06-08",0,0,19,1.6,0.894427190999916,5,20.5,31.7066666776,NA,0.563663236086071,0.605290877224273,1.08410568900997
"Clarkia purpurea",95,"Grass","D",2016,"2016-06-08",0,0,11,1,0,5,6.54545454545455,6.32727272945455,30,0.563663236086071,0.605290877224273,1.08410568900997
"Clarkia purpurea",98,"No Grass","C",2016,"2016-05-20",0,1,15,1,0,5,8.38461538461539,8.10512820792308,NA,0.563663236086071,0.605290877224273,1.08410568900997
"Clarkia purpurea",82,"Grass","C",2016,"2016-06-08",0,0,14,1,0,5,25.8461538461538,24.9846153932307,10,0.563663236086071,0.605290877224273,1.08410568900997
"Clarkia purpurea",84,"Grass","C",2016,"2016-05-20",1,1,5,1.8,1.30384048104053,5,32.7,56.89800001962,40,0.563663236086071,0.605290877224273,1.08410568900997
"Clarkia purpurea",30,"Grass","C",2016,"2016-05-20",0,0,25,1,0,5,12.7142857142857,12.2904761947143,35,0.563663236086071,0.605290877224273,1.08410568900997
"Clarkia purpurea",37,"Grass","W",2016,"2016-05-20",1,4,10,1,0,5,12.0909090909091,11.6878787919091,30,0.563663236086071,0.605290877224273,1.08410568900997
"Clarkia purpurea",17,"No Grass","W",2017,"2017-06-26",0,0,5,1.66666666666667,1.15470053837925,3,13.7142857142857,22.0952381028572,NA,0.563663236086071,0.605290877224273,1.08410568900997
"Clarkia purpurea",15,"Grass","W",2017,"2017-05-19",5,0,0,1,0,5,25.6666666666667,24.8111111196667,30,0.563663236086071,0.605290877224273,1.08410568900997
"Clarkia purpurea",19,"Grass","W",2017,"2017-06-26",0,0,7,1,0,5,19.2222222222222,18.5814814878889,85,0.563663236086071,0.605290877224273,1.08410568900997
"Clarkia purpurea",30,"Grass","C",2017,"2017-05-19",0,0,13,1,0,5,21.4,20.6866666738,75,0.563663236086071,0.605290877224273,1.08410568900997
"Clarkia purpurea",55,"No Grass","W",2017,"2017-05-19",5,0,0,1,0,5,7.6,7.3466666692,NA,0.563663236086071,0.605290877224273,1.08410568900997
"Clarkia purpurea",56,"No Grass","C",2017,"2017-06-26",0,0,7,1,0,5,5.83333333333333,5.63888889083333,NA,0.563663236086071,0.605290877224273,1.08410568900997
"Clarkia purpurea",49,"Grass","W",2017,"2017-06-26",0,0,10,1,0,5,6.3,6.0900000021,120,0.563663236086071,0.605290877224273,1.08410568900997
"Clarkia purpurea",30,"No Grass","C",2017,"2017-06-26",0,0,9,1,0,5,19,18.366666673,NA,0.563663236086071,0.605290877224273,1.08410568900997
"Clarkia purpurea",92,"No Grass","C",2017,"2017-06-26",0,0,2,1,0,2,13,12.566666671,NA,0.563663236086071,0.605290877224273,1.08410568900997
"Clarkia purpurea",29,"Grass","W",2017,"2017-06-26",0,0,12,1,0,5,12,11.600000004,85,0.563663236086071,0.605290877224273,1.08410568900997
"Clarkia purpurea",59,"No Grass","W",2017,"2017-06-26",0,0,5,1,0,5,11,10.633333337,NA,0.563663236086071,0.605290877224273,1.08410568900997
"Clarkia purpurea",5,"No Grass","W",2017,"2017-06-26",0,0,12,1,0,5,19.2307692307692,18.5897435961538,NA,0.563663236086071,0.605290877224273,1.08410568900997
"Clarkia purpurea",84,"Grass","C",2017,"2017-06-26",0,0,3,1.33333333333333,0.577350269189626,3,9.75,12.566666671,50,0.563663236086071,0.605290877224273,1.08410568900997
"Clarkia purpurea",56,"Grass","C",2017,"2017-06-26",0,0,5,1,0,5,3.2,3.0933333344,80,0.563663236086071,0.605290877224273,1.08410568900997
"Clarkia purpurea",55,"Grass","W",2017,"2017-05-19",3,0,0,1,0,3,4.33333333333333,4.18888889033333,40,0.563663236086071,0.605290877224273,1.08410568900997
"Clarkia purpurea",86,"Grass","C",2017,"2017-06-26",0,0,0,1,0,5,2.2,2.1266666674,40,0.563663236086071,0.605290877224273,1.08410568900997
"Clarkia purpurea",96,"No Grass","C",2017,"2017-06-26",0,0,1,1,NA,1,1,0.966666667,NA,0.563663236086071,0.605290877224273,1.08410568900997
"Clarkia purpurea",92,"Grass","C",2017,"2017-06-26",0,0,10,1,0,4,11,10.633333337,100,0.563663236086071,0.605290877224273,1.08410568900997
"Clarkia purpurea",19,"No Grass","W",2017,"2017-06-26",0,0,10,1.4,0.547722557505166,5,20.4666666666667,27.6982222317733,NA,0.563663236086071,0.605290877224273,1.08410568900997
"Clarkia purpurea",29,"No Grass","W",2017,"2017-06-26",0,0,8,1.2,0.447213595499958,5,17.6,20.41600000704,NA,0.563663236086071,0.605290877224273,1.08410568900997
"Clarkia purpurea",49,"No Grass","W",2017,"2017-06-26",0,0,15,1.2,0.447213595499958,5,29.3529411764706,34.0494117764471,NA,0.563663236086071,0.605290877224273,1.08410568900997
"Clarkia purpurea",23,"Grass","W",2017,"2017-06-26",0,0,4,1,0,4,1.75,1.69166666725,70,0.563663236086071,0.605290877224273,1.08410568900997
"Clarkia purpurea",50,"No Grass","C",2017,"2017-06-26",0,0,6,1.2,0.447213595499958,5,15.75,18.2700000063,NA,0.563663236086071,0.605290877224273,1.08410568900997
"Clarkia purpurea",59,"Grass","W",2017,"2017-06-26",0,0,1,1,NA,1,1,0.966666667,100,0.563663236086071,0.605290877224273,1.08410568900997
"Clarkia purpurea",23,"No Grass","W",2017,"2017-06-26",0,0,13,1.2,0.447213595499958,5,20.3,23.54800000812,NA,0.563663236086071,0.605290877224273,1.08410568900997
"Clarkia purpurea",37,"No Grass","W",2017,"2017-06-26",0,0,8,1,0,5,13.2857142857143,12.8428571472857,NA,0.563663236086071,0.605290877224273,1.08410568900997
"Clarkia purpurea",84,"No Grass","C",2017,"2017-06-26",0,0,0,1.2,0.447213595499958,5,17.375,20.15500000695,NA,0.563663236086071,0.605290877224273,1.08410568900997
"Clarkia purpurea",86,"No Grass","C",2017,"2017-06-26",0,0,2,1,0,2,3.5,3.3833333345,NA,0.563663236086071,0.605290877224273,1.08410568900997
"Clarkia purpurea",82,"Grass","C",2017,"2017-06-26",0,0,3,1,0,3,2,1.933333334,45,0.563663236086071,0.605290877224273,1.08410568900997
"Clarkia purpurea",5,"Grass","W",2017,"2017-06-26",0,0,4,1,0,4,9.33333333333333,9.02222222533333,80,0.563663236086071,0.605290877224273,1.08410568900997
"Clarkia purpurea",18,"No Grass","C",2017,"2017-06-26",0,0,1,1,NA,1,10,9.66666667,NA,0.563663236086071,0.605290877224273,1.08410568900997
"Clarkia purpurea",15,"No Grass","W",2017,"2017-06-26",0,0,13,2.6,1.51657508881031,5,14.2380952380952,35.785079377419,NA,0.563663236086071,0.605290877224273,1.08410568900997
"Hemizonia congesta",30,"No Grass","C",2016,"2016-09-02",0,0,11,35.4,26.6326866838477,5,4.2,106.6466355696,NA,1.45479168058665,1.3751567558586,1.98798512973834
"Hemizonia congesta",81,"No Grass","D",2016,"2016-09-02",0,0,8,15.6,6.73052746818554,5,4.4,49.2347663808,NA,1.45479168058665,1.3751567558586,1.98798512973834
"Hemizonia congesta",23,"No Grass","W",2016,"2016-09-02",0,0,22,14.6,6.50384501660364,5,4,41.889719648,NA,1.45479168058665,1.3751567558586,1.98798512973834
"Hemizonia congesta",37,"No Grass","W",2016,"2016-09-02",0,0,19,14.4,3.20936130717624,5,4.6,47.5132710528,NA,1.45479168058665,1.3751567558586,1.98798512973834
"Hemizonia congesta",30,"Grass","C",2016,"2016-09-02",0,0,17,10.2,5.76194411635517,5,3.8,27.8021495472,35,1.45479168058665,1.3751567558586,1.98798512973834
"Hemizonia congesta",29,"No Grass","W",2016,"2016-09-02",0,0,19,18.2,7.52994023880668,5,3.6,46.9968224544,NA,1.45479168058665,1.3751567558586,1.98798512973834
"Hemizonia congesta",49,"Grass","W",2016,"2016-09-02",0,0,17,18.4,10.285912696499,5,4.8,63.3510280704,90,1.45479168058665,1.3751567558586,1.98798512973834
"Hemizonia congesta",15,"Grass","W",2016,"2016-09-02",0,4,0,25,20.1163283594862,4,2.4,43.0373832,25,1.45479168058665,1.3751567558586,1.98798512973834
"Hemizonia congesta",5,"Grass","W",2017,"2017-08-21",0,0,12,5.25,3.20156211871642,4,4.4,16.569392532,80,1.45479168058665,1.3751567558586,1.98798512973834
"Hemizonia congesta",96,"Grass","C",2017,"2017-08-21",0,0,8,5.8,6.34034699365894,5,4,16.641121504,25,1.45479168058665,1.3751567558586,1.98798512973834
"Hemizonia congesta",86,"Grass","C",2017,"2017-08-21",0,0,10,13,10.8627804912002,5,4.6,42.893925256,40,1.45479168058665,1.3751567558586,1.98798512973834
"Hemizonia congesta",23,"Grass","W",2017,"2017-08-21",0,7,15,9.4,6.42650760522385,5,3,20.227570104,70,1.45479168058665,1.3751567558586,1.98798512973834
"Hemizonia congesta",92,"No Grass","C",2017,"2017-08-21",0,0,9,6.8,6.53452370108182,5,2.4,11.7061682304,NA,1.45479168058665,1.3751567558586,1.98798512973834
"Hemizonia congesta",5,"No Grass","W",2017,"2017-08-21",0,0,0,6,4.24264068711928,5,2.4,10.328971968,NA,1.45479168058665,1.3751567558586,1.98798512973834
"Hemizonia congesta",23,"No Grass","W",2017,"2017-08-21",1,2,11,11.6,6.87749954561976,5,3.4,28.2899065568,NA,1.45479168058665,1.3751567558586,1.98798512973834
"Hemizonia congesta",18,"Grass","C",2017,"2017-08-21",0,0,7,12.2,8.72926113711808,5,2.8,24.5026168352,95,1.45479168058665,1.3751567558586,1.98798512973834
"Hemizonia congesta",56,"Grass","C",2016,"2016-09-02",0,0,19,39,15.0166574176812,5,4.16666666666667,116.5595795,70,1.45479168058665,1.3751567558586,1.98798512973834
"Hemizonia congesta",95,"Grass","D",2016,"2016-09-02",0,0,19,14.2,9.98498873309329,5,3.6,36.6678504864,30,1.45479168058665,1.3751567558586,1.98798512973834
"Hemizonia congesta",55,"Grass","W",2016,"2016-09-02",0,0,17,14.4,9.91463564635635,5,4.6,47.5132710528,80,1.45479168058665,1.3751567558586,1.98798512973834
"Hemizonia congesta",97,"No Grass","D",2016,"2016-09-02",0,0,17,23.2,14.3422452914458,5,2.6,43.2669159104,NA,1.45479168058665,1.3751567558586,1.98798512973834
"Hemizonia congesta",18,"No Grass","C",2016,"2016-09-02",0,0,7,60.8,53.3404161963515,5,4.6,200.6115888896,NA,1.45479168058665,1.3751567558586,1.98798512973834
"Hemizonia congesta",50,"Grass","C",2016,"2016-09-02",0,0,7,11.2,5.97494769851586,5,3.4,27.3143925376,70,1.45479168058665,1.3751567558586,1.98798512973834
"Hemizonia congesta",89,"Grass","D",2016,"2016-09-02",0,0,12,13.6,8.41427358718505,5,3.4,33.1674766528,10,1.45479168058665,1.3751567558586,1.98798512973834
"Hemizonia congesta",91,"No Grass","D",2016,"2016-09-02",0,0,22,22.8,9.65401470891774,5,4.4,71.9585047104,NA,1.45479168058665,1.3751567558586,1.98798512973834
"Hemizonia congesta",93,"No Grass","D",2016,"2016-09-02",0,0,22,35.6,20.2682016962532,5,3,76.606542096,NA,1.45479168058665,1.3751567558586,1.98798512973834
"Hemizonia congesta",17,"No Grass","W",2016,"2016-09-02",0,0,14,7.8,4.32434966208793,5,3.8,21.2604673008,NA,1.45479168058665,1.3751567558586,1.98798512973834
"Hemizonia congesta",50,"No Grass","C",2016,"2016-09-02",0,0,13,35,24.1660919471891,5,3.8,95.39953276,NA,1.45479168058665,1.3751567558586,1.98798512973834
"Hemizonia congesta",15,"No Grass","W",2016,"2016-09-02",0,12,0,18.4,20.2805325373867,5,3.4,44.8736448832,NA,1.45479168058665,1.3751567558586,1.98798512973834
"Hemizonia congesta",30,"No Grass","C",2017,"2017-08-21",0,0,9,17.2,9.01110426085505,5,3.6,44.4145794624,NA,1.45479168058665,1.3751567558586,1.98798512973834
"Hemizonia congesta",84,"No Grass","C",2016,"2016-09-02",0,0,13,64.6,52.2331312482796,5,4,185.347663648,NA,1.45479168058665,1.3751567558586,1.98798512973834
"Hemizonia congesta",29,"Grass","W",2016,"2016-09-02",0,0,10,11.4,3.84707681233427,5,3.4,27.8021495472,50,1.45479168058665,1.3751567558586,1.98798512973834
"Hemizonia congesta",17,"Grass","W",2016,"2016-07-27",6,0,4,2.6,0.894427190999916,5,2,3.729906544,80,1.45479168058665,1.3751567558586,1.98798512973834
"Hemizonia congesta",37,"Grass","W",2016,"2016-09-02",0,0,15,19.2,17.3407035612746,5,3.8,52.3334579712,30,1.45479168058665,1.3751567558586,1.98798512973834
"Hemizonia congesta",5,"No Grass","W",2016,"2016-09-02",0,0,20,7.8,1.92353840616713,5,4.28571428571429,23.97797064,NA,1.45479168058665,1.3751567558586,1.98798512973834
"Hemizonia congesta",23,"Grass","W",2016,"2016-09-02",0,0,12,12.2,4.86826457785523,5,5,43.75467292,30,1.45479168058665,1.3751567558586,1.98798512973834
"Hemizonia congesta",81,"Grass","D",2016,"2016-09-02",0,0,6,6,4.06201920231798,5,2.4,10.328971968,80,1.45479168058665,1.3751567558586,1.98798512973834
"Hemizonia congesta",55,"No Grass","W",2016,"2016-09-02",0,0,18,9,5.52268050859363,5,4.6,29.695794408,NA,1.45479168058665,1.3751567558586,1.98798512973834
"Hemizonia congesta",82,"No Grass","C",2016,"2016-09-02",0,0,2,4.5,4.94974746830583,2,3,9.68341122,NA,1.45479168058665,1.3751567558586,1.98798512973834
"Hemizonia congesta",98,"No Grass","C",2016,"2016-09-02",0,0,22,19.4,21.1139764137407,5,4.2,58.4447663856,NA,1.45479168058665,1.3751567558586,1.98798512973834
"Hemizonia congesta",89,"No Grass","D",2016,"2016-09-02",0,0,12,8,9.61769203083567,5,3.4,19.510280384,NA,1.45479168058665,1.3751567558586,1.98798512973834
"Hemizonia congesta",18,"Grass","C",2016,"2016-09-02",0,0,10,61,28.026772914483,5,5,218.7733646,40,1.45479168058665,1.3751567558586,1.98798512973834
"Hemizonia congesta",92,"No Grass","C",2016,"2016-09-02",0,0,17,21.6,13.7222447143315,5,2.6,40.2829906752,NA,1.45479168058665,1.3751567558586,1.98798512973834
"Hemizonia congesta",96,"No Grass","C",2016,"2016-09-02",0,0,21,18,10.9087121146357,5,4,51.64485984,NA,1.45479168058665,1.3751567558586,1.98798512973834
"Hemizonia congesta",19,"No Grass","W",2016,"2016-09-02",0,0,13,3.4,1.67332005306815,5,2.8,6.8285981344,NA,1.45479168058665,1.3751567558586,1.98798512973834
"Hemizonia congesta",98,"Grass","C",2016,"2016-09-02",0,0,16,16,10.1242283656583,5,3.6,41.315887872,75,1.45479168058665,1.3751567558586,1.98798512973834
"Hemizonia congesta",49,"No Grass","W",2016,"2016-09-02",0,0,23,22.8,8.46758525200662,5,4.8,78.5001869568,NA,1.45479168058665,1.3751567558586,1.98798512973834
"Hemizonia congesta",99,"No Grass","D",2016,"2016-09-02",0,0,11,18.2,7.46324326281812,5,3.8,49.6077570352,NA,1.45479168058665,1.3751567558586,1.98798512973834
"Hemizonia congesta",82,"Grass","C",2016,"2016-09-02",0,0,8,6,3.53553390593274,5,4,17.21495328,10,1.45479168058665,1.3751567558586,1.98798512973834
"Hemizonia congesta",97,"Grass","D",2016,"2016-09-02",0,0,15,19.2,7.39594483484024,5,3.33333333333333,45.90654208,60,1.45479168058665,1.3751567558586,1.98798512973834
"Hemizonia congesta",96,"Grass","C",2016,"2016-09-02",0,0,15,33,25.5049014897137,5,3,71.01168228,30,1.45479168058665,1.3751567558586,1.98798512973834
"Hemizonia congesta",56,"No Grass","C",2016,"2016-09-02",0,0,24,39.4,22.378561169119,5,5,141.30607484,NA,1.45479168058665,1.3751567558586,1.98798512973834
"Hemizonia congesta",92,"Grass","C",2016,"2016-09-02",0,0,16,13.6,5.45893762558247,5,1.8,17.5592523456,25,1.45479168058665,1.3751567558586,1.98798512973834
"Hemizonia congesta",59,"Grass","W",2016,"2016-09-02",0,0,21,15.8,8.43800924389159,5,4.2,47.5993458192,40,1.45479168058665,1.3751567558586,1.98798512973834
"Hemizonia congesta",93,"Grass","D",2016,"2016-09-02",0,0,16,10.2,5.76194411635517,5,2.8,20.4857944032,25,1.45479168058665,1.3751567558586,1.98798512973834
"Hemizonia congesta",5,"Grass","W",2016,"2016-09-02",0,0,13,5.4,2.79284800875379,5,3.83333333333333,14.847897204,30,1.45479168058665,1.3751567558586,1.98798512973834
"Hemizonia congesta",95,"No Grass","D",2016,"2016-09-02",0,0,17,24,8,5,2.6,44.758878528,NA,1.45479168058665,1.3751567558586,1.98798512973834
"Hemizonia congesta",37,"No Grass","W",2017,"2017-08-21",0,0,10,8.4,2.88097205817759,5,3.4,20.4857944032,NA,1.45479168058665,1.3751567558586,1.98798512973834
"Hemizonia congesta",98,"No Grass","C",2017,"2017-08-21",0,0,6,6.8,3.83405790253616,5,3.6,17.5592523456,NA,1.45479168058665,1.3751567558586,1.98798512973834
"Hemizonia congesta",15,"Grass","W",2017,"2017-08-21",0,0,3,18.3333333333333,2.51661147842358,3,3.8,49.9711838266667,30,1.45479168058665,1.3751567558586,1.98798512973834
"Hemizonia congesta",49,"Grass","W",2017,"2017-08-21",0,0,13,8.8,3.3466401061363,5,4,25.248598144,120,1.45479168058665,1.3751567558586,1.98798512973834
"Hemizonia congesta",29,"Grass","W",2017,"2017-08-21",0,0,0,11.8,9.1214034007931,5,4.8,40.6272897408,85,1.45479168058665,1.3751567558586,1.98798512973834
"Hemizonia congesta",15,"No Grass","W",2017,"2017-08-21",1,0,11,5.2,2.94957624075052,5,2.4,8.9517757056,NA,1.45479168058665,1.3751567558586,1.98798512973834
"Hemizonia congesta",50,"Grass","C",2017,"2017-08-21",0,0,13,9,2.91547594742265,5,4.2,27.113551416,95,1.45479168058665,1.3751567558586,1.98798512973834
"Hemizonia congesta",17,"No Grass","W",2017,"2017-08-21",0,0,12,16,8.45576726264388,5,2.6,29.839252352,NA,1.45479168058665,1.3751567558586,1.98798512973834
"Hemizonia congesta",84,"No Grass","C",2017,"2017-08-21",1,0,10,4.8,1.92353840616713,5,2.4,8.2631775744,NA,1.45479168058665,1.3751567558586,1.98798512973834
"Hemizonia congesta",19,"No Grass","W",2017,"2017-08-21",0,1,13,12.2,9.36482781475453,5,3.2,28.0029906688,NA,1.45479168058665,1.3751567558586,1.98798512973834
"Hemizonia congesta",17,"Grass","W",2017,"2017-08-21",0,0,6,15.2,7.29383301152419,5,3,32.708411232,90,1.45479168058665,1.3751567558586,1.98798512973834
"Hemizonia congesta",56,"No Grass","C",2017,"2017-08-21",0,0,7,10.2,3.4928498393146,5,2.8,20.4857944032,NA,1.45479168058665,1.3751567558586,1.98798512973834
"Hemizonia congesta",82,"Grass","C",2017,"2017-08-21",3,1,1,3.6,1.14017542509914,5,5.2,13.4276635584,45,1.45479168058665,1.3751567558586,1.98798512973834
"Hemizonia congesta",37,"Grass","W",2017,"2017-08-21",0,0,11,11.4,4.72228758124704,5,3.2,26.1667289856,80,1.45479168058665,1.3751567558586,1.98798512973834
"Hemizonia congesta",55,"Grass","W",2017,"2017-08-21",0,0,7,7,9.66953980290686,5,2.8,14.058878512,40,1.45479168058665,1.3751567558586,1.98798512973834
"Hemizonia congesta",59,"Grass","W",2017,"2017-08-21",0,0,10,4.4,2.70185121722126,5,3.2,10.0994392576,100,1.45479168058665,1.3751567558586,1.98798512973834
"Hemizonia congesta",50,"No Grass","C",2017,"2017-08-21",0,0,5,4.75,0.5,4,3.2,10.902803744,NA,1.45479168058665,1.3751567558586,1.98798512973834
"Hemizonia congesta",96,"No Grass","C",2017,"2017-08-21",0,0,7,9,7.03562363973514,5,3,19.36682244,NA,1.45479168058665,1.3751567558586,1.98798512973834
"Hemizonia congesta",86,"No Grass","C",2017,"2017-08-21",0,0,11,27.2,7.19027120489902,5,4.8,93.6493458432,NA,1.45479168058665,1.3751567558586,1.98798512973834
"Hemizonia congesta",59,"No Grass","W",2017,"2017-08-21",0,0,6,6.2,5.97494769851586,5,4.2,18.6782243088,NA,1.45479168058665,1.3751567558586,1.98798512973834
"Hemizonia congesta",19,"Grass","W",2017,"2017-08-21",0,0,1,40,NA,1,2.8,80.33644864,85,1.45479168058665,1.3751567558586,1.98798512973834
"Hemizonia congesta",18,"No Grass","C",2017,"2017-08-21",0,0,6,14,6.6332495807108,5,4,40.16822432,NA,1.45479168058665,1.3751567558586,1.98798512973834
"Hemizonia congesta",55,"No Grass","W",2017,"2017-08-21",0,0,8,5.8,4.14728827066554,5,0.8,3.3282243008,NA,1.45479168058665,1.3751567558586,1.98798512973834
"Hemizonia congesta",29,"No Grass","W",2017,"2017-08-21",0,0,10,13,6.20483682299543,5,4.2,39.164018712,NA,1.45479168058665,1.3751567558586,1.98798512973834
"Hemizonia congesta",49,"No Grass","W",2017,"2017-08-21",0,0,11,13,5.24404424085076,5,4,37.29906544,NA,1.45479168058665,1.3751567558586,1.98798512973834
"Hemizonia congesta",98,"Grass","C",2017,"2017-08-21",0,0,10,4,2.12132034355964,5,2.6,7.459813088,80,1.45479168058665,1.3751567558586,1.98798512973834
"Hemizonia congesta",84,"Grass","C",2017,"2017-08-21",1,1,7,8.6,5.22494019104525,5,2.6,16.0385981392,50,1.45479168058665,1.3751567558586,1.98798512973834
"Hemizonia congesta",56,"Grass","C",2017,"2017-08-21",0,0,9,7.2,2.58843582110896,5,3.8,19.6250467392,80,1.45479168058665,1.3751567558586,1.98798512973834
"Hemizonia congesta",30,"Grass","C",2017,"2017-08-21",0,0,11,10.8,7.56306816047562,5,4.6,35.6349532896,75,1.45479168058665,1.3751567558586,1.98798512973834
"Hemizonia congesta",19,"Grass","W",2016,"2016-09-02",0,0,12,3.6,1.94935886896179,5,3.2,8.2631775744,30,1.45479168058665,1.3751567558586,1.98798512973834
"Hemizonia congesta",99,"Grass","D",2016,"2016-09-02",0,0,13,5.8,6.37965516309463,5,3,12.480841128,90,1.45479168058665,1.3751567558586,1.98798512973834
"Hemizonia congesta",91,"Grass","D",2016,"2016-09-02",0,0,14,18.4,7.56967634711023,5,4.2,55.4321495616,50,1.45479168058665,1.3751567558586,1.98798512973834
"Lasthenia californica",98,"No Grass","C",2016,"2016-05-08",0,0,6,1.4,0.894427190999916,5,19.2,14.6559999936,NA,-2.17672412206952,-1.63466778080532,-1.13506247561691
"Lasthenia californica",15,"No Grass","W",2016,"2016-05-08",0,1,2,1,0,3,44.125,24.058630941875,NA,-2.17672412206952,-1.63466778080532,-1.13506247561691
"Lasthenia californica",17,"Grass","W",2016,"2016-05-08",0,0,4,1.25,0.5,4,50,34.0773809375,80,-2.17672412206952,-1.63466778080532,-1.13506247561691
"Lasthenia californica",81,"No Grass","D",2016,"2016-05-08",0,0,7,1,0,5,19.2,10.468571424,NA,-2.17672412206952,-1.63466778080532,-1.13506247561691
"Lasthenia californica",55,"No Grass","W",2016,"2016-05-08",0,0,4,1.25,0.5,4,24,16.35714285,NA,-2.17672412206952,-1.63466778080532,-1.13506247561691
"Lasthenia californica",56,"No Grass","C",2016,"2016-05-08",0,0,8,1.4,0.547722557505166,5,30.2857142857143,23.118095228,NA,-2.17672412206952,-1.63466778080532,-1.13506247561691
"Lasthenia californica",59,"Grass","W",2016,"2016-04-24",0,0,7,1.2,0.447213595499958,5,56.5,36.967142841,40,-2.17672412206952,-1.63466778080532,-1.13506247561691
"Lasthenia californica",99,"No Grass","D",2016,"2016-05-08",0,1,5,1,0,5,13,7.088095235,NA,-2.17672412206952,-1.63466778080532,-1.13506247561691
"Lasthenia californica",89,"No Grass","D",2016,"2016-05-08",0,0,7,1.6,0.894427190999916,5,31,27.043809512,NA,-2.17672412206952,-1.63466778080532,-1.13506247561691
"Lasthenia californica",49,"Grass","W",2016,"2016-05-08",0,1,7,1.2,0.447213595499958,5,13.8333333333333,9.050952377,90,-2.17672412206952,-1.63466778080532,-1.13506247561691
"Lasthenia californica",95,"Grass","D",2016,"2016-05-08",0,1,1,1,0,2,4,2.18095238,30,-2.17672412206952,-1.63466778080532,-1.13506247561691
"Lasthenia californica",55,"Grass","W",2016,"2016-05-08",0,1,5,1,0,5,10.5,5.7249999975,80,-2.17672412206952,-1.63466778080532,-1.13506247561691
"Lasthenia californica",19,"No Grass","W",2016,"2016-05-08",0,0,7,2,0.707106781186548,5,50.9,55.505238071,NA,-2.17672412206952,-1.63466778080532,-1.13506247561691
"Lasthenia californica",29,"No Grass","W",2016,"2016-05-08",1,0,2,1.33333333333333,0.577350269189626,3,46.3333333333333,33.6835978688889,NA,-2.17672412206952,-1.63466778080532,-1.13506247561691
"Lasthenia californica",89,"Grass","D",2016,"2016-05-08",0,1,13,1.4,0.547722557505166,5,35.5384615384615,27.1276922958462,10,-2.17672412206952,-1.63466778080532,-1.13506247561691
"Lasthenia californica",17,"No Grass","W",2016,"2016-05-08",0,0,6,1.4,0.547722557505166,5,37,28.243333321,NA,-2.17672412206952,-1.63466778080532,-1.13506247561691
"Lasthenia californica",5,"No Grass","W",2016,"2016-05-08",0,0,3,1.33333333333333,0.577350269189626,3,62,45.0730158533334,NA,-2.17672412206952,-1.63466778080532,-1.13506247561691
"Lasthenia californica",92,"Grass","C",2016,"2016-05-08",0,0,10,1.2,0.447213595499958,5,25,16.35714285,25,-2.17672412206952,-1.63466778080532,-1.13506247561691
"Lasthenia californica",23,"No Grass","W",2016,"2016-05-08",0,0,3,2,1,3,49,53.43333331,NA,-2.17672412206952,-1.63466778080532,-1.13506247561691
"Lasthenia californica",56,"Grass","C",2016,"2016-05-08",0,1,1,1,0,2,2,1.09047619,70,-2.17672412206952,-1.63466778080532,-1.13506247561691
"Lasthenia californica",50,"Grass","C",2016,"2016-05-08",0,0,3,1.33333333333333,0.577350269189626,3,29,21.0825396733334,70,-2.17672412206952,-1.63466778080532,-1.13506247561691
"Lasthenia californica",37,"No Grass","W",2017,"2017-05-19",0,0,2,1.4,0.547722557505166,5,20.6666666666667,28.1682692218666,NA,-2.17672412206952,-1.63466778080532,-1.13506247561691
"Lasthenia californica",96,"No Grass","C",2016,"2016-05-08",0,0,3,1.66666666666667,0.577350269189626,3,35,31.8055555416666,NA,-2.17672412206952,-1.63466778080532,-1.13506247561691
"Lasthenia californica",59,"No Grass","W",2016,"2016-05-08",0,0,7,2,1.22474487139159,5,48.6923076923077,53.0978021746154,NA,-2.17672412206952,-1.63466778080532,-1.13506247561691
"Lasthenia californica",18,"No Grass","C",2016,"2016-05-08",0,0,13,2.2,0.836660026534076,5,67.1538461538462,80.5526373274618,NA,-2.17672412206952,-1.63466778080532,-1.13506247561691
"Lasthenia californica",83,"No Grass","D",2016,"2016-05-08",0,0,3,1.33333333333333,0.577350269189626,3,30.6666666666667,22.2941798844444,NA,-2.17672412206952,-1.63466778080532,-1.13506247561691
"Lasthenia californica",97,"Grass","D",2016,"2016-04-24",0,3,0,1,0,3,1,0.545238095,60,-2.17672412206952,-1.63466778080532,-1.13506247561691
"Lasthenia californica",15,"Grass","W",2016,"2016-05-08",0,0,2,1,0,2,63,34.349999985,25,-2.17672412206952,-1.63466778080532,-1.13506247561691
"Lasthenia californica",82,"No Grass","C",2016,"2016-05-08",0,0,7,2,0.707106781186548,5,42.8571428571429,46.7346938571428,NA,-2.17672412206952,-1.63466778080532,-1.13506247561691
"Lasthenia californica",96,"Grass","C",2016,"2016-05-08",0,0,2,1,0,2,44.5,24.2630952275,30,-2.17672412206952,-1.63466778080532,-1.13506247561691
"Lasthenia californica",97,"No Grass","D",2016,"2016-05-08",0,0,4,2,1,3,25.3333333333333,27.6253968133333,NA,-2.17672412206952,-1.63466778080532,-1.13506247561691
"Lasthenia californica",50,"No Grass","C",2016,"2016-05-08",0,0,5,1.4,0.547722557505166,5,26,19.846666658,NA,-2.17672412206952,-1.63466778080532,-1.13506247561691
"Lasthenia californica",83,"Grass","D",2016,"2016-05-08",1,0,1,1,0,2,68,37.07619046,80,-2.17672412206952,-1.63466778080532,-1.13506247561691
"Lasthenia californica",92,"No Grass","C",2016,"2016-05-08",0,2,4,1.6,0.547722557505166,5,35,30.53333332,NA,-2.17672412206952,-1.63466778080532,-1.13506247561691
"Lasthenia californica",18,"Grass","C",2016,"2016-05-08",0,0,5,1.6,0.894427190999916,5,44.6666666666667,38.9663491893334,40,-2.17672412206952,-1.63466778080532,-1.13506247561691
"Lasthenia californica",30,"No Grass","C",2016,"2016-05-08",0,0,1,2,NA,1,42,45.79999998,NA,-2.17672412206952,-1.63466778080532,-1.13506247561691
"Lasthenia californica",82,"Grass","C",2016,"2016-05-08",0,1,3,1,0,4,26.6666666666667,14.5396825333334,10,-2.17672412206952,-1.63466778080532,-1.13506247561691
"Lasthenia californica",49,"No Grass","W",2016,"2016-05-08",0,0,7,1.4,0.547722557505166,5,31.2222222222222,23.8329629525556,NA,-2.17672412206952,-1.63466778080532,-1.13506247561691
"Lasthenia californica",91,"No Grass","D",2016,"2016-05-08",0,0,6,1.2,0.447213595499958,5,80,52.34285712,NA,-2.17672412206952,-1.63466778080532,-1.13506247561691
"Lasthenia californica",29,"No Grass","W",2017,"2017-05-19",0,0,3,1.2,0.447213595499958,5,21.2857142857143,24.8674450470857,NA,-2.17672412206952,-1.63466778080532,-1.13506247561691
"Lasthenia californica",29,"Grass","W",2017,"2017-05-19",0,0,1,1.2,0.447213595499958,5,22.7692307692308,26.6005917075692,85,-2.17672412206952,-1.63466778080532,-1.13506247561691
"Lasthenia californica",5,"No Grass","W",2017,"2017-05-19",0,0,14,1.6,0.547722557505166,5,26.5789473684211,41.4018218492632,NA,-2.17672412206952,-1.63466778080532,-1.13506247561691
"Lasthenia californica",17,"Grass","W",2017,"2017-04-09",15,0,0,1,0,5,18,17.524038456,90,-2.17672412206952,-1.63466778080532,-1.13506247561691
"Lasthenia californica",19,"No Grass","W",2017,"2017-05-19",0,0,4,2,0.707106781186548,5,33.4,65.0336538256,NA,-2.17672412206952,-1.63466778080532,-1.13506247561691
"Lasthenia californica",59,"No Grass","W",2017,"2017-05-19",0,0,15,1.6,0.894427190999916,5,42.75,66.5913461328,NA,-2.17672412206952,-1.63466778080532,-1.13506247561691
"Lasthenia californica",92,"Grass","C",2017,"2017-05-19",0,1,10,1.4,0.547722557505166,5,30.5555555555556,41.6466346022222,100,-2.17672412206952,-1.63466778080532,-1.13506247561691
"Lasthenia californica",86,"No Grass","C",2017,"2017-05-19",0,0,7,2.6,1.14017542509914,5,46.4347826086956,117.538043441113,NA,-2.17672412206952,-1.63466778080532,-1.13506247561691
"Lasthenia californica",82,"No Grass","C",2017,"2017-05-19",0,0,15,2.6,1.34164078649987,5,45.8214285714286,115.985491034771,NA,-2.17672412206952,-1.63466778080532,-1.13506247561691
"Lasthenia californica",15,"Grass","W",2017,"2017-05-19",0,0,2,1.2,0.447213595499958,5,18.3571428571429,21.4460851580571,30,-2.17672412206952,-1.63466778080532,-1.13506247561691
"Lasthenia californica",84,"No Grass","C",2016,"2016-05-08",0,0,7,1.8,1.09544511501033,5,55.6666666666667,54.632857119,NA,-2.17672412206952,-1.63466778080532,-1.13506247561691
"Lasthenia californica",95,"No Grass","D",2016,"2016-05-08",0,0,2,1.5,0.707106781186548,2,53,43.3464285525,NA,-2.17672412206952,-1.63466778080532,-1.13506247561691
"Lasthenia californica",81,"Grass","D",2016,"2016-05-08",0,0,2,1,0,2,6,3.27142857,80,-2.17672412206952,-1.63466778080532,-1.13506247561691
"Lasthenia californica",49,"No Grass","W",2017,"2017-05-19",0,0,2,1.6,0.547722557505166,5,35.5,55.2980769056,NA,-2.17672412206952,-1.63466778080532,-1.13506247561691
"Lasthenia californica",49,"Grass","W",2017,"2017-05-19",0,0,1,1,0,5,15.2307692307692,14.8280325396923,120,-2.17672412206952,-1.63466778080532,-1.13506247561691
"Lasthenia californica",56,"No Grass","C",2017,"2017-05-19",0,0,15,1,0,5,14.9285714285714,14.5338255448571,NA,-2.17672412206952,-1.63466778080532,-1.13506247561691
"Lasthenia californica",82,"Grass","C",2017,"2017-05-19",0,0,4,1.4,0.547722557505166,5,23.5384615384615,32.0824704040616,45,-2.17672412206952,-1.63466778080532,-1.13506247561691
"Lasthenia californica",19,"Grass","W",2017,"2017-05-19",0,0,5,1.6,0.547722557505166,5,29.8421052631579,46.4848177990737,85,-2.17672412206952,-1.63466778080532,-1.13506247561691
"Lasthenia californica",96,"Grass","C",2017,"2017-05-19",0,0,4,1.75,0.957427107756338,4,31.5,53.6673677715,25,-2.17672412206952,-1.63466778080532,-1.13506247561691
"Lasthenia californica",50,"Grass","C",2017,"2017-05-19",0,5,7,1,0,5,4.5,4.381009614,95,-2.17672412206952,-1.63466778080532,-1.13506247561691
"Lasthenia californica",96,"No Grass","C",2017,"2017-05-19",0,1,4,1.4,0.547722557505166,5,12.4,16.90096153312,NA,-2.17672412206952,-1.63466778080532,-1.13506247561691
"Lasthenia californica",37,"Grass","W",2017,"2017-05-19",0,0,2,1,0,5,22.8333333333333,22.2295673006666,80,-2.17672412206952,-1.63466778080532,-1.13506247561691
"Lasthenia californica",92,"No Grass","C",2017,"2017-05-19",0,1,8,1,0,5,34.7,33.7824519124,NA,-2.17672412206952,-1.63466778080532,-1.13506247561691
"Lasthenia californica",55,"Grass","W",2017,"2017-05-19",0,0,2,1,0,5,5.61538461538461,5.46690088584615,40,-2.17672412206952,-1.63466778080532,-1.13506247561691
"Lasthenia californica",86,"Grass","C",2017,"2017-05-19",0,0,15,1.4,0.547722557505166,5,58.2222222222222,79.3557692056889,40,-2.17672412206952,-1.63466778080532,-1.13506247561691
"Lasthenia californica",55,"No Grass","W",2017,"2017-05-19",0,0,15,1,0,5,17.7333333333333,17.2644230714666,NA,-2.17672412206952,-1.63466778080532,-1.13506247561691
"Lasthenia californica",84,"Grass","C",2017,"2017-05-19",0,0,15,1,0,5,15.4666666666667,15.0576923029334,50,-2.17672412206952,-1.63466778080532,-1.13506247561691
"Lasthenia californica",98,"Grass","C",2017,"2017-05-19",0,0,5,1,0,5,12.7142857142857,12.3780906554286,80,-2.17672412206952,-1.63466778080532,-1.13506247561691
"Lasthenia californica",84,"No Grass","C",2017,"2017-05-19",0,0,1,1,0,5,5.16666666666667,5.03004807533334,NA,-2.17672412206952,-1.63466778080532,-1.13506247561691
"Lasthenia californica",98,"No Grass","C",2017,"2017-05-19",0,0,2,1.5,0.707106781186548,2,17,24.825721146,NA,-2.17672412206952,-1.63466778080532,-1.13506247561691
"Lasthenia californica",56,"Grass","C",2017,"2017-05-19",0,1,2,1,0,5,7.16666666666667,6.97716345933334,80,-2.17672412206952,-1.63466778080532,-1.13506247561691
"Lasthenia californica",30,"Grass","C",2017,"2017-05-19",0,0,15,1,0,5,20.1428571428571,19.6102335102857,75,-2.17672412206952,-1.63466778080532,-1.13506247561691
"Lasthenia californica",30,"No Grass","C",2017,"2017-05-19",0,0,1,1,0,5,16.9090909090909,16.4619755192727,NA,-2.17672412206952,-1.63466778080532,-1.13506247561691
"Lasthenia californica",17,"No Grass","W",2017,"2017-05-19",0,0,2,1.2,0.447213595499958,5,23.0714285714286,26.9536401013714,NA,-2.17672412206952,-1.63466778080532,-1.13506247561691
"Lasthenia californica",5,"Grass","W",2017,"2017-05-19",0,0,15,1.4,0.547722557505166,5,15.0625,20.52989783005,80,-2.17672412206952,-1.63466778080532,-1.13506247561691
"Lasthenia californica",23,"Grass","W",2017,"2017-05-19",0,0,3,1,0,5,15.9090909090909,15.4884178272727,70,-2.17672412206952,-1.63466778080532,-1.13506247561691
"Lasthenia californica",59,"Grass","W",2017,"2017-05-19",0,0,15,1,0,5,22.7333333333333,22.1322115314666,100,-2.17672412206952,-1.63466778080532,-1.13506247561691
"Lasthenia californica",50,"No Grass","C",2017,"2017-05-19",0,0,7,1,0,5,9,8.762019228,NA,-2.17672412206952,-1.63466778080532,-1.13506247561691
"Lasthenia californica",23,"No Grass","W",2017,"2017-05-19",0,0,4,1.4,0.547722557505166,5,27.2222222222222,37.1033653728889,NA,-2.17672412206952,-1.63466778080532,-1.13506247561691
"Lasthenia californica",15,"No Grass","W",2017,"2017-05-19",0,0,2,1.4,0.547722557505166,5,19.8333333333333,27.0324519145334,NA,-2.17672412206952,-1.63466778080532,-1.13506247561691
"Lasthenia californica",18,"No Grass","C",2017,"2017-05-19",0,0,8,1.8,0.447213595499958,5,31.8235294117647,55.7676753217412,NA,-2.17672412206952,-1.63466778080532,-1.13506247561691
"Lasthenia californica",18,"Grass","C",2017,"2017-05-19",0,0,7,1.6,0.547722557505166,5,23.8235294117647,37.1097284950588,95,-2.17672412206952,-1.63466778080532,-1.13506247561691
"Plantago erecta",18,"No Grass","C",2017,"2017-05-19",0,8,7,3.4,0.894427190999916,5,2,5.7769911496,NA,0.102902256973463,-1.01453268637674,0.0861268277326971
"Plantago erecta",84,"Grass","C",2017,"2017-05-19",0,0,6,5.8,1.78885438199983,5,2,9.8548672552,50,0.102902256973463,-1.01453268637674,0.0861268277326971
"Plantago erecta",59,"Grass","W",2017,"2017-05-19",0,0,15,7.4,2.07364413533277,5,2,12.5734513256,100,0.102902256973463,-1.01453268637674,0.0861268277326971
"Plantago erecta",29,"Grass","W",2017,"2017-05-19",0,5,10,5.4,2.88097205817759,5,2,9.1752212376,85,0.102902256973463,-1.01453268637674,0.0861268277326971
"Plantago erecta",96,"No Grass","C",2017,"2017-05-19",0,0,2,11,4.30116263352131,5,2,18.690265484,NA,0.102902256973463,-1.01453268637674,0.0861268277326971
"Plantago erecta",18,"Grass","C",2017,"2017-05-19",0,9,6,3.4,1.94935886896179,5,2,5.7769911496,95,0.102902256973463,-1.01453268637674,0.0861268277326971
"Plantago erecta",86,"No Grass","C",2017,"2017-05-19",0,5,10,4.2,1.48323969741913,5,2,7.1362831848,NA,0.102902256973463,-1.01453268637674,0.0861268277326971
"Plantago erecta",5,"No Grass","W",2017,"2017-05-19",0,8,7,8.6,2.30217288664427,5,2,14.6123893784,NA,0.102902256973463,-1.01453268637674,0.0861268277326971
"Plantago erecta",49,"No Grass","W",2017,"2017-05-19",0,6,9,11.4,3.04959013639538,5,2,19.3699115016,NA,0.102902256973463,-1.01453268637674,0.0861268277326971
"Plantago erecta",55,"Grass","W",2017,"2017-05-19",0,1,14,3.6,1.14017542509914,5,2,6.1168141584,40,0.102902256973463,-1.01453268637674,0.0861268277326971
"Plantago erecta",15,"Grass","W",2017,"2017-05-19",0,8,6,5.4,2.79284800875379,5,2,9.1752212376,30,0.102902256973463,-1.01453268637674,0.0861268277326971
"Plantago erecta",5,"Grass","W",2016,"2016-05-08",0,0,27,4.4,1.81659021245849,5,2,7.4761061936,30,0.102902256973463,-1.01453268637674,0.0861268277326971
"Plantago erecta",49,"Grass","W",2016,"2016-05-08",0,0,21,3.8,0.836660026534076,5,2,6.4566371672,90,0.102902256973463,-1.01453268637674,0.0861268277326971
"Plantago erecta",19,"Grass","W",2016,"2016-05-08",0,17,3,9.6,5.12835256198323,5,2,16.3115044224,30,0.102902256973463,-1.01453268637674,0.0861268277326971
"Plantago erecta",95,"Grass","D",2016,"2016-05-08",0,4,13,6.6,1.67332005306815,5,2,11.2141592904,30,0.102902256973463,-1.01453268637674,0.0861268277326971
"Plantago erecta",49,"No Grass","W",2016,"2016-05-08",0,15,6,20.6,13.9570770578943,5,2,35.0017699064,NA,0.102902256973463,-1.01453268637674,0.0861268277326971
"Plantago erecta",59,"No Grass","W",2016,"2016-05-08",0,10,10,14.6,8.84872872225158,5,2,24.8070796424,NA,0.102902256973463,-1.01453268637674,0.0861268277326971
"Plantago erecta",5,"No Grass","W",2016,"2016-05-08",0,10,12,10.4,6.50384501660364,5,2,17.6707964576,NA,0.102902256973463,-1.01453268637674,0.0861268277326971
"Plantago erecta",19,"No Grass","W",2016,"2016-05-08",0,13,7,16.6,9.37016542009798,5,2,28.2053097304,NA,0.102902256973463,-1.01453268637674,0.0861268277326971
"Plantago erecta",23,"Grass","W",2016,"2016-05-08",0,10,10,8.6,6.02494813255683,5,2,14.6123893784,30,0.102902256973463,-1.01453268637674,0.0861268277326971
"Plantago erecta",95,"No Grass","D",2016,"2016-05-08",0,1,17,12,5.43139024560011,5,2,20.389380528,NA,0.102902256973463,-1.01453268637674,0.0861268277326971
"Plantago erecta",50,"Grass","C",2016,"2016-05-08",0,0,20,3,1,5,2,5.097345132,70,0.102902256973463,-1.01453268637674,0.0861268277326971
"Plantago erecta",29,"No Grass","W",2016,"2016-05-08",0,3,19,7.4,3.36154726279432,5,2,12.5734513256,NA,0.102902256973463,-1.01453268637674,0.0861268277326971
"Plantago erecta",92,"Grass","C",2016,"2016-05-08",0,14,2,6.2,2.77488738510232,5,2,10.5345132728,25,0.102902256973463,-1.01453268637674,0.0861268277326971
"Plantago erecta",15,"Grass","W",2016,"2016-05-08",0,5,12,2.6,0.547722557505166,5,2,4.4176991144,25,0.102902256973463,-1.01453268637674,0.0861268277326971
"Plantago erecta",96,"Grass","C",2016,"2016-05-08",0,8,11,5,5.65685424949238,5,2,8.49557522,30,0.102902256973463,-1.01453268637674,0.0861268277326971
"Plantago erecta",89,"No Grass","D",2016,"2016-05-08",0,2,15,7,3.80788655293195,5,2,11.893805308,NA,0.102902256973463,-1.01453268637674,0.0861268277326971
"Plantago erecta",81,"No Grass","D",2016,"2016-05-08",0,6,18,5,2.34520787991171,5,2,8.49557522,NA,0.102902256973463,-1.01453268637674,0.0861268277326971
"Plantago erecta",50,"No Grass","C",2016,"2016-05-08",0,1,18,10.8,6.26099033699941,5,2,18.3504424752,NA,0.102902256973463,-1.01453268637674,0.0861268277326971
"Plantago erecta",15,"No Grass","W",2016,"2016-05-08",0,9,17,6.6,3.71483512420134,5,2,11.2141592904,NA,0.102902256973463,-1.01453268637674,0.0861268277326971
"Plantago erecta",82,"Grass","C",2016,"2016-05-08",0,6,19,3.4,1.67332005306815,5,2,5.7769911496,10,0.102902256973463,-1.01453268637674,0.0861268277326971
"Plantago erecta",96,"No Grass","C",2016,"2016-05-20",0,0,12,11.2,4.7116875957559,5,2,19.0300884928,NA,0.102902256973463,-1.01453268637674,0.0861268277326971
"Plantago erecta",89,"Grass","D",2016,"2016-05-08",0,0,19,2.6,1.51657508881031,5,2,4.4176991144,10,0.102902256973463,-1.01453268637674,0.0861268277326971
"Plantago erecta",17,"Grass","W",2016,"2016-05-08",0,7,15,2.6,0.894427190999916,5,2,4.4176991144,80,0.102902256973463,-1.01453268637674,0.0861268277326971
"Plantago erecta",91,"No Grass","D",2016,"2016-05-08",0,3,13,7.6,5.12835256198323,5,2,12.9132743344,NA,0.102902256973463,-1.01453268637674,0.0861268277326971
"Plantago erecta",18,"No Grass","C",2016,"2016-05-08",0,7,4,8.2,4.32434966208793,5,2,13.9327433608,NA,0.102902256973463,-1.01453268637674,0.0861268277326971
"Plantago erecta",97,"Grass","D",2016,"2016-05-08",0,0,14,3,1,5,2,5.097345132,60,0.102902256973463,-1.01453268637674,0.0861268277326971
"Plantago erecta",30,"Grass","C",2016,"2016-05-08",0,0,27,6.4,2.50998007960223,5,2,10.8743362816,35,0.102902256973463,-1.01453268637674,0.0861268277326971
"Plantago erecta",82,"No Grass","C",2016,"2016-04-24",0,17,0,4.6,2.70185121722126,5,2,7.8159292024,NA,0.102902256973463,-1.01453268637674,0.0861268277326971
"Plantago erecta",17,"No Grass","W",2016,"2016-05-08",0,6,7,5.6,1.14017542509914,5,2,9.5150442464,NA,0.102902256973463,-1.01453268637674,0.0861268277326971
"Plantago erecta",83,"Grass","D",2016,"2016-05-08",0,0,19,2,0.707106781186548,5,2,3.398230088,80,0.102902256973463,-1.01453268637674,0.0861268277326971
"Plantago erecta",97,"No Grass","D",2016,"2016-05-08",0,3,14,9.8,4.32434966208793,5,2,16.6513274312,NA,0.102902256973463,-1.01453268637674,0.0861268277326971
"Plantago erecta",99,"No Grass","D",2016,"2016-05-08",0,7,12,12.2,9.36482781475453,5,2,20.7292035368,NA,0.102902256973463,-1.01453268637674,0.0861268277326971
"Plantago erecta",84,"No Grass","C",2016,"2016-05-08",0,15,7,7.8,5.97494769851586,5,2,13.2530973432,NA,0.102902256973463,-1.01453268637674,0.0861268277326971
"Plantago erecta",30,"No Grass","C",2016,"2016-05-08",0,15,8,10.4,7.76530746332687,5,2,17.6707964576,NA,0.102902256973463,-1.01453268637674,0.0861268277326971
"Plantago erecta",56,"Grass","C",2016,"2016-05-08",0,9,12,4,2,5,2,6.796460176,70,0.102902256973463,-1.01453268637674,0.0861268277326971
"Plantago erecta",98,"No Grass","C",2016,"2016-05-08",0,5,14,3.8,1.30384048104053,5,2,6.4566371672,NA,0.102902256973463,-1.01453268637674,0.0861268277326971
"Plantago erecta",56,"No Grass","C",2016,"2016-05-08",0,0,19,8.6,4.82700735445887,5,2,14.6123893784,NA,0.102902256973463,-1.01453268637674,0.0861268277326971
"Plantago erecta",81,"Grass","D",2016,"2016-05-08",0,0,19,1.6,0.547722557505166,5,2,2.7185840704,80,0.102902256973463,-1.01453268637674,0.0861268277326971
"Plantago erecta",83,"No Grass","D",2016,"2016-05-08",0,9,4,15.8,9.80815986819138,5,2,26.8460176952,NA,0.102902256973463,-1.01453268637674,0.0861268277326971
"Plantago erecta",84,"Grass","C",2016,"2016-05-08",0,5,8,5,2.73861278752583,5,2,8.49557522,40,0.102902256973463,-1.01453268637674,0.0861268277326971
"Plantago erecta",93,"No Grass","D",2016,"2016-05-08",0,0,17,10,4.58257569495584,5,2,16.99115044,NA,0.102902256973463,-1.01453268637674,0.0861268277326971
"Plantago erecta",59,"Grass","W",2016,"2016-05-08",0,0,19,6.2,1.92353840616713,5,2,10.5345132728,40,0.102902256973463,-1.01453268637674,0.0861268277326971
"Plantago erecta",99,"Grass","D",2016,"2016-05-08",0,0,18,1.4,0.547722557505166,5,2,2.3787610616,90,0.102902256973463,-1.01453268637674,0.0861268277326971
"Plantago erecta",55,"No Grass","W",2016,"2016-05-08",0,0,20,6.4,3.91152144312159,5,2,10.8743362816,NA,0.102902256973463,-1.01453268637674,0.0861268277326971
"Plantago erecta",91,"Grass","D",2016,"2016-05-08",0,0,14,4,1.4142135623731,5,2,6.796460176,50,0.102902256973463,-1.01453268637674,0.0861268277326971
"Plantago erecta",29,"Grass","W",2016,"2016-05-08",0,0,21,5.8,2.58843582110896,5,2,9.8548672552,50,0.102902256973463,-1.01453268637674,0.0861268277326971
"Plantago erecta",93,"Grass","D",2016,"2016-05-08",0,0,12,3.8,1.6431676725155,5,2,6.4566371672,25,0.102902256973463,-1.01453268637674,0.0861268277326971
"Plantago erecta",92,"No Grass","C",2016,"2016-05-08",0,11,7,17.2,7.59605160593318,5,2,29.2247787568,NA,0.102902256973463,-1.01453268637674,0.0861268277326971
"Plantago erecta",55,"Grass","W",2016,"2016-05-08",0,0,21,3.8,0.836660026534076,5,2,6.4566371672,80,0.102902256973463,-1.01453268637674,0.0861268277326971
"Plantago erecta",98,"Grass","C",2016,"2016-05-08",0,0,21,3.8,1.78885438199983,5,2,6.4566371672,75,0.102902256973463,-1.01453268637674,0.0861268277326971
"Plantago erecta",59,"No Grass","W",2017,"2017-05-19",0,0,15,13.4,7.60263112349929,5,2,22.7681415896,NA,0.102902256973463,-1.01453268637674,0.0861268277326971
"Plantago erecta",82,"No Grass","C",2017,"2017-05-19",0,5,3,7.8,5.54075807087803,5,2,13.2530973432,NA,0.102902256973463,-1.01453268637674,0.0861268277326971
"Plantago erecta",96,"Grass","C",2017,"2017-05-19",0,15,0,6.2,2.58843582110896,5,2,10.5345132728,25,0.102902256973463,-1.01453268637674,0.0861268277326971
"Plantago erecta",86,"Grass","C",2017,"2017-05-19",0,0,15,2.8,1.30384048104053,5,2,4.7575221232,40,0.102902256973463,-1.01453268637674,0.0861268277326971
"Plantago erecta",29,"No Grass","W",2017,"2017-05-19",0,7,7,10.6,5.54977477020464,5,2,18.0106194664,NA,0.102902256973463,-1.01453268637674,0.0861268277326971
"Plantago erecta",15,"No Grass","W",2017,"2017-05-19",0,8,7,5,3.53553390593274,5,2,8.49557522,NA,0.102902256973463,-1.01453268637674,0.0861268277326971
"Plantago erecta",19,"Grass","W",2017,"2017-05-19",0,4,11,5.2,1.30384048104053,5,2,8.8353982288,85,0.102902256973463,-1.01453268637674,0.0861268277326971
"Plantago erecta",56,"Grass","C",2017,"2017-05-19",0,4,11,6,3.08220700148449,5,2,10.194690264,80,0.102902256973463,-1.01453268637674,0.0861268277326971
"Plantago erecta",82,"Grass","C",2017,"2017-05-19",0,5,9,3.2,1.09544511501033,5,2,5.4371681408,45,0.102902256973463,-1.01453268637674,0.0861268277326971
"Plantago erecta",30,"No Grass","C",2017,"2017-05-19",0,0,15,4.8,2.28035085019828,5,2,8.1557522112,NA,0.102902256973463,-1.01453268637674,0.0861268277326971
"Plantago erecta",98,"Grass","C",2017,"2017-05-19",0,4,11,2,0.707106781186548,5,2,3.398230088,80,0.102902256973463,-1.01453268637674,0.0861268277326971
"Plantago erecta",17,"Grass","W",2017,"2017-05-19",0,12,3,3.6,2.19089023002066,5,2,6.1168141584,90,0.102902256973463,-1.01453268637674,0.0861268277326971
"Plantago erecta",23,"Grass","W",2017,"2017-05-19",0,0,15,3.4,1.34164078649987,5,2,5.7769911496,70,0.102902256973463,-1.01453268637674,0.0861268277326971
"Plantago erecta",92,"No Grass","C",2017,"2017-05-19",0,12,3,9.8,6.57267069006199,5,2,16.6513274312,NA,0.102902256973463,-1.01453268637674,0.0861268277326971
"Plantago erecta",50,"Grass","C",2017,"2017-05-19",0,12,3,3.8,3.11448230047949,5,2,6.4566371672,95,0.102902256973463,-1.01453268637674,0.0861268277326971
"Plantago erecta",55,"No Grass","W",2017,"2017-05-19",0,0,15,5.4,2.07364413533277,5,2,9.1752212376,NA,0.102902256973463,-1.01453268637674,0.0861268277326971
"Plantago erecta",56,"No Grass","C",2017,"2017-05-19",0,4,11,6.6,4.09878030638384,5,2,11.2141592904,NA,0.102902256973463,-1.01453268637674,0.0861268277326971
"Plantago erecta",17,"No Grass","W",2017,"2017-05-19",0,4,10,12.8,5.84807660688538,5,2,21.7486725632,NA,0.102902256973463,-1.01453268637674,0.0861268277326971
"Plantago erecta",84,"No Grass","C",2017,"2017-05-19",0,3,12,4.2,1.09544511501033,5,2,7.1362831848,NA,0.102902256973463,-1.01453268637674,0.0861268277326971
"Plantago erecta",30,"Grass","C",2017,"2017-05-19",0,8,7,4.4,1.81659021245849,5,2,7.4761061936,75,0.102902256973463,-1.01453268637674,0.0861268277326971
"Plantago erecta",37,"Grass","W",2017,"2017-05-19",0,7,8,4.6,1.81659021245849,5,2,7.8159292024,80,0.102902256973463,-1.01453268637674,0.0861268277326971
"Plantago erecta",50,"No Grass","C",2017,"2017-05-19",0,15,0,3.2,0.836660026534076,5,2,5.4371681408,NA,0.102902256973463,-1.01453268637674,0.0861268277326971
"Plantago erecta",19,"No Grass","W",2017,"2017-05-19",0,15,0,6.6,1.94935886896179,5,2,11.2141592904,NA,0.102902256973463,-1.01453268637674,0.0861268277326971
"Plantago erecta",92,"Grass","C",2017,"2017-05-19",0,11,4,3.8,1.48323969741913,5,2,6.4566371672,100,0.102902256973463,-1.01453268637674,0.0861268277326971
"Plantago erecta",98,"No Grass","C",2017,"2017-05-19",0,0,15,3.4,0.894427190999916,5,2,5.7769911496,NA,0.102902256973463,-1.01453268637674,0.0861268277326971
"Plantago erecta",49,"Grass","W",2017,"2017-05-19",0,5,10,4.6,1.94935886896179,5,2,7.8159292024,120,0.102902256973463,-1.01453268637674,0.0861268277326971
"Plantago erecta",23,"No Grass","W",2017,"2017-05-19",0,13,1,5.8,3.27108544675922,5,2,9.8548672552,NA,0.102902256973463,-1.01453268637674,0.0861268277326971
"Plantago erecta",37,"No Grass","W",2017,"2017-05-19",0,13,2,7.2,3.11448230047949,5,2,12.2336283168,NA,0.102902256973463,-1.01453268637674,0.0861268277326971
"Plantago erecta",5,"Grass","W",2017,"2017-05-19",0,6,9,4,1.58113883008419,5,2,6.796460176,80,0.102902256973463,-1.01453268637674,0.0861268277326971
