"Species","Plot","Treat.Code","Subplot","Year","PC.F","L.sim"
"Agoseris heterophylla",5,"W","Grass",2016,-0.876427664975023,10.9822158704927
"Agoseris heterophylla",87,"D","No Grass",2017,-0.876427664975023,10.0488420556716
"Agoseris heterophylla",50,"C","No Grass",2017,-0.876427664975023,10.1717014345115
"Agoseris heterophylla",5,"W","No Grass",2017,-0.876427664975023,13.012093681998
"Agoseris heterophylla",87,"D","No Grass",2016,-0.876427664975023,16.8129894918663
"Agoseris heterophylla",50,"C","No Grass",2016,-0.876427664975023,17.4024316457945
"Agoseris heterophylla",5,"W","No Grass",2016,-0.876427664975023,22.5788037532981
"Agoseris heterophylla",89,"D","Grass",2017,-0.876427664975023,3.30101187870473
"Agoseris heterophylla",55,"W","Grass",2017,-0.876427664975023,5.43090353054081
"Agoseris heterophylla",15,"W","Grass",2017,-0.876427664975023,8.30785503599097
"Agoseris heterophylla",89,"D","Grass",2016,-0.876427664975023,5.50676983652455
"Agoseris heterophylla",55,"W","Grass",2016,-0.876427664975023,9.1150065141538
"Agoseris heterophylla",15,"W","Grass",2016,-0.876427664975023,15.5706386627254
"Agoseris heterophylla",89,"D","No Grass",2017,-0.876427664975023,12.5547915168174
"Agoseris heterophylla",55,"W","No Grass",2017,-0.876427664975023,10.4552786020164
"Agoseris heterophylla",15,"W","No Grass",2017,-0.876427664975023,17.1828467583447
"Agoseris heterophylla",89,"D","No Grass",2016,-0.876427664975023,21.3159571880851
"Agoseris heterophylla",55,"W","No Grass",2016,-0.876427664975023,17.4942182647189
"Agoseris heterophylla",15,"W","No Grass",2016,-0.876427664975023,30.2793569502367
"Agoseris heterophylla",91,"D","Grass",2017,-0.876427664975023,2.5817455308179
"Agoseris heterophylla",56,"C","Grass",2017,-0.876427664975023,6.70175191498692
"Agoseris heterophylla",17,"W","Grass",2017,-0.876427664975023,6.18057872901275
"Agoseris heterophylla",91,"D","Grass",2016,-0.876427664975023,4.40808678820906
"Agoseris heterophylla",56,"C","Grass",2016,-0.876427664975023,11.1068639301783
"Agoseris heterophylla",17,"W","Grass",2016,-0.876427664975023,10.8246129644344
"Agoseris heterophylla",91,"D","No Grass",2017,-0.876427664975023,9.98464065984032
"Agoseris heterophylla",56,"C","No Grass",2017,-0.876427664975023,11.1242888844057
"Agoseris heterophylla",17,"W","No Grass",2017,-0.876427664975023,12.4634769177603
"Agoseris heterophylla",91,"D","No Grass",2016,-0.876427664975023,17.7640599363291
"Agoseris heterophylla",56,"C","No Grass",2016,-0.876427664975023,19.8903492637215
"Agoseris heterophylla",17,"W","No Grass",2016,-0.876427664975023,19.9983533142056
"Agoseris heterophylla",92,"C","Grass",2017,-0.876427664975023,7.71123262580956
"Agoseris heterophylla",59,"W","Grass",2017,-0.876427664975023,8.20044668313021
"Agoseris heterophylla",18,"C","Grass",2017,-0.876427664975023,8.78801138415335
"Agoseris heterophylla",92,"C","Grass",2016,-0.876427664975023,13.869783218628
"Agoseris heterophylla",59,"W","Grass",2016,-0.876427664975023,12.3078687207601
"Agoseris heterophylla",18,"C","Grass",2016,-0.876427664975023,14.5591007738597
"Agoseris heterophylla",92,"C","No Grass",2017,-0.876427664975023,13.8222845505492
"Agoseris heterophylla",59,"W","No Grass",2017,-0.876427664975023,12.5815163362108
"Agoseris heterophylla",18,"C","No Grass",2017,-0.876427664975023,15.0347286359414
"Agoseris heterophylla",92,"C","No Grass",2016,-0.876427664975023,23.9914997278798
"Agoseris heterophylla",59,"W","No Grass",2016,-0.876427664975023,23.1733904605669
"Agoseris heterophylla",18,"C","No Grass",2016,-0.876427664975023,23.225584801174
"Agoseris heterophylla",93,"D","Grass",2017,-0.876427664975023,2.7853212848036
"Agoseris heterophylla",81,"D","Grass",2017,-0.876427664975023,1.84727933774514
"Agoseris heterophylla",19,"W","Grass",2017,-0.876427664975023,9.96979348831744
"Agoseris heterophylla",93,"D","Grass",2016,-0.876427664975023,4.88823065830136
"Agoseris heterophylla",81,"D","Grass",2016,-0.876427664975023,3.27105585596962
"Agoseris heterophylla",19,"W","Grass",2016,-0.876427664975023,17.5932326782684
"Agoseris heterophylla",93,"D","No Grass",2017,-0.876427664975023,11.3087647480744
"Agoseris heterophylla",81,"D","No Grass",2017,-0.876427664975023,6.77617911469084
"Agoseris heterophylla",19,"W","No Grass",2017,-0.876427664975023,20.4266028934819
"Agoseris heterophylla",93,"D","No Grass",2016,-0.876427664975023,19.8223918671268
"Agoseris heterophylla",81,"D","No Grass",2016,-0.876427664975023,12.1369807024373
"Agoseris heterophylla",19,"W","No Grass",2016,-0.876427664975023,33.4904041474548
"Agoseris heterophylla",95,"D","Grass",2017,-0.876427664975023,3.24687466290577
"Agoseris heterophylla",82,"C","Grass",2017,-0.876427664975023,6.26714488975837
"Agoseris heterophylla",23,"W","Grass",2017,-0.876427664975023,9.35378606068677
"Agoseris heterophylla",95,"D","Grass",2016,-0.876427664975023,5.74870326900561
"Agoseris heterophylla",82,"C","Grass",2016,-0.876427664975023,11.1351506526571
"Agoseris heterophylla",23,"W","Grass",2016,-0.876427664975023,14.6828693526346
"Agoseris heterophylla",95,"D","No Grass",2017,-0.876427664975023,12.1725655278659
"Agoseris heterophylla",82,"C","No Grass",2017,-0.876427664975023,11.9005687829009
"Agoseris heterophylla",23,"W","No Grass",2017,-0.876427664975023,18.1172629946707
"Agoseris heterophylla",95,"D","No Grass",2016,-0.876427664975023,21.7736506580581
"Agoseris heterophylla",82,"C","No Grass",2016,-0.876427664975023,17.9373330185474
"Agoseris heterophylla",23,"W","No Grass",2016,-0.876427664975023,31.050870406777
"Agoseris heterophylla",96,"C","Grass",2017,-0.876427664975023,6.15576977709512
"Agoseris heterophylla",83,"D","Grass",2017,-0.876427664975023,2.17124559787663
"Agoseris heterophylla",29,"W","Grass",2017,-0.876427664975023,8.35343494518695
"Agoseris heterophylla",96,"C","Grass",2016,-0.876427664975023,10.9054718832481
"Agoseris heterophylla",83,"D","Grass",2016,-0.876427664975023,3.78101363778585
"Agoseris heterophylla",29,"W","Grass",2016,-0.876427664975023,13.5397017994688
"Agoseris heterophylla",96,"C","No Grass",2017,-0.876427664975023,11.3639715315967
"Agoseris heterophylla",83,"D","No Grass",2017,-0.876427664975023,8.26151256064003
"Agoseris heterophylla",29,"W","No Grass",2017,-0.876427664975023,15.3751200412119
"Agoseris heterophylla",96,"C","No Grass",2016,-0.876427664975023,19.1797261667668
"Agoseris heterophylla",83,"D","No Grass",2016,-0.876427664975023,14.4724168824738
"Agoseris heterophylla",29,"W","No Grass",2016,-0.876427664975023,25.1310315589699
"Agoseris heterophylla",97,"D","Grass",2017,-0.876427664975023,2.07877751359679
"Agoseris heterophylla",84,"C","Grass",2017,-0.876427664975023,7.64503741998776
"Agoseris heterophylla",30,"C","Grass",2017,-0.876427664975023,7.904901103593
"Agoseris heterophylla",97,"D","Grass",2016,-0.876427664975023,3.56905305674875
"Agoseris heterophylla",84,"C","Grass",2016,-0.876427664975023,13.8812037541227
"Agoseris heterophylla",30,"C","Grass",2016,-0.876427664975023,14.5298260125155
"Agoseris heterophylla",97,"D","No Grass",2017,-0.876427664975023,7.6870679766345
"Agoseris heterophylla",84,"C","No Grass",2017,-0.876427664975023,13.4129764890832
"Agoseris heterophylla",30,"C","No Grass",2017,-0.876427664975023,14.1501806781001
"Agoseris heterophylla",97,"D","No Grass",2016,-0.876427664975023,13.9771656488294
"Agoseris heterophylla",84,"C","No Grass",2016,-0.876427664975023,21.8326543917501
"Agoseris heterophylla",30,"C","No Grass",2016,-0.876427664975023,26.0891240964887
"Agoseris heterophylla",98,"C","Grass",2017,-0.876427664975023,4.09636773489195
"Agoseris heterophylla",85,"D","Grass",2017,-0.876427664975023,2.45467746503237
"Agoseris heterophylla",37,"W","Grass",2017,-0.876427664975023,6.05120489615786
"Agoseris heterophylla",98,"C","Grass",2016,-0.876427664975023,7.69978095731824
"Agoseris heterophylla",85,"D","Grass",2016,-0.876427664975023,4.39267631773753
"Agoseris heterophylla",37,"W","Grass",2016,-0.876427664975023,9.78328569953059
"Agoseris heterophylla",98,"C","No Grass",2017,-0.876427664975023,7.92085211575463
"Agoseris heterophylla",85,"D","No Grass",2017,-0.876427664975023,10.0705488187424
"Agoseris heterophylla",37,"W","No Grass",2017,-0.876427664975023,11.2242206110769
"Agoseris heterophylla",98,"C","No Grass",2016,-0.876427664975023,13.0848315222693
"Agoseris heterophylla",85,"D","No Grass",2016,-0.876427664975023,16.9358897211557
"Agoseris heterophylla",37,"W","No Grass",2016,-0.876427664975023,19.0633686613038
"Agoseris heterophylla",99,"D","Grass",2017,-0.876427664975023,1.91635897947848
"Agoseris heterophylla",86,"C","Grass",2017,-0.876427664975023,9.27944182317318
"Agoseris heterophylla",49,"W","Grass",2017,-0.876427664975023,8.12725050519777
"Agoseris heterophylla",99,"D","Grass",2016,-0.876427664975023,3.16811305730114
"Agoseris heterophylla",86,"C","Grass",2016,-0.876427664975023,16.4761289783136
"Agoseris heterophylla",49,"W","Grass",2016,-0.876427664975023,14.4653018707733
"Agoseris heterophylla",99,"D","No Grass",2017,-0.876427664975023,7.08197198053556
"Agoseris heterophylla",86,"C","No Grass",2017,-0.876427664975023,16.3990663612357
"Agoseris heterophylla",49,"W","No Grass",2017,-0.876427664975023,15.548565960572
"Agoseris heterophylla",99,"D","No Grass",2016,-0.876427664975023,12.4761099681391
"Agoseris heterophylla",86,"C","No Grass",2016,-0.876427664975023,27.8961676394741
"Agoseris heterophylla",49,"W","No Grass",2016,-0.876427664975023,25.7775799188691
"Agoseris heterophylla",87,"D","Grass",2016,-0.876427664975023,4.19519773693681
"Agoseris heterophylla",87,"D","Grass",2017,-0.876427664975023,2.40316017054105
"Agoseris heterophylla",50,"C","Grass",2017,-0.876427664975023,6.09842607919026
"Agoseris heterophylla",5,"W","Grass",2017,-0.876427664975023,7.09139802809243
"Agoseris heterophylla",50,"C","Grass",2016,-0.876427664975023,9.68727827966731
"Calycadenia pauciflora",49,"W","No Grass",2016,1.54518049907422,13.9396156746391
"Calycadenia pauciflora",50,"C","Grass",2016,1.54518049907422,5.60460536456409
"Calycadenia pauciflora",5,"W","Grass",2016,1.54518049907422,6.11681617173769
"Calycadenia pauciflora",87,"D","No Grass",2017,1.54518049907422,9.27837366483111
"Calycadenia pauciflora",50,"C","No Grass",2017,1.54518049907422,5.06614291010325
"Calycadenia pauciflora",5,"W","No Grass",2017,1.54518049907422,6.74096391661193
"Calycadenia pauciflora",87,"D","No Grass",2016,1.54518049907422,17.0492122797249
"Calycadenia pauciflora",50,"C","No Grass",2016,1.54518049907422,9.05681552477934
"Calycadenia pauciflora",5,"W","No Grass",2016,1.54518049907422,12.1138519910758
"Calycadenia pauciflora",89,"D","Grass",2017,1.54518049907422,4.03665983936302
"Calycadenia pauciflora",55,"W","Grass",2017,1.54518049907422,2.89891732502475
"Calycadenia pauciflora",15,"W","Grass",2017,1.54518049907422,4.96196753877776
"Calycadenia pauciflora",89,"D","Grass",2016,1.54518049907422,6.76443009324366
"Calycadenia pauciflora",55,"W","Grass",2016,1.54518049907422,4.89929885733858
"Calycadenia pauciflora",15,"W","Grass",2016,1.54518049907422,8.65232747860776
"Calycadenia pauciflora",89,"D","No Grass",2017,1.54518049907422,12.1591834639419
"Calycadenia pauciflora",55,"W","No Grass",2017,1.54518049907422,5.05385127736705
"Calycadenia pauciflora",15,"W","No Grass",2017,1.54518049907422,9.30566981888336
"Calycadenia pauciflora",89,"D","No Grass",2016,1.54518049907422,20.8335677816941
"Calycadenia pauciflora",55,"W","No Grass",2016,1.54518049907422,8.87716771705292
"Calycadenia pauciflora",15,"W","No Grass",2016,1.54518049907422,15.6003983752942
"Calycadenia pauciflora",91,"D","Grass",2017,1.54518049907422,3.03673063597144
"Calycadenia pauciflora",56,"C","Grass",2017,1.54518049907422,4.20483564258879
"Calycadenia pauciflora",17,"W","Grass",2017,1.54518049907422,3.04452725427443
"Calycadenia pauciflora",91,"D","Grass",2016,1.54518049907422,4.91052094912214
"Calycadenia pauciflora",56,"C","Grass",2016,1.54518049907422,7.03411021127412
"Calycadenia pauciflora",17,"W","Grass",2016,1.54518049907422,5.23517523760288
"Calycadenia pauciflora",91,"D","No Grass",2017,1.54518049907422,10.5840569586113
"Calycadenia pauciflora",56,"C","No Grass",2017,1.54518049907422,6.27821667299896
"Calycadenia pauciflora",17,"W","No Grass",2017,1.54518049907422,5.49069376564032
"Calycadenia pauciflora",91,"D","No Grass",2016,1.54518049907422,16.190890196464
"Calycadenia pauciflora",56,"C","No Grass",2016,1.54518049907422,11.4063130932923
"Calycadenia pauciflora",17,"W","No Grass",2016,1.54518049907422,10.2284680720882
"Calycadenia pauciflora",92,"C","Grass",2017,1.54518049907422,4.20402105252202
"Calycadenia pauciflora",59,"W","Grass",2017,1.54518049907422,3.83237276101197
"Calycadenia pauciflora",18,"C","Grass",2017,1.54518049907422,3.74613157529281
"Calycadenia pauciflora",92,"C","Grass",2016,1.54518049907422,7.90408377589247
"Calycadenia pauciflora",59,"W","Grass",2016,1.54518049907422,6.60340324660367
"Calycadenia pauciflora",18,"C","Grass",2016,1.54518049907422,6.7020651972463
"Calycadenia pauciflora",92,"C","No Grass",2017,1.54518049907422,6.82554386362849
"Calycadenia pauciflora",59,"W","No Grass",2017,1.54518049907422,7.29674709287314
"Calycadenia pauciflora",18,"C","No Grass",2017,1.54518049907422,5.92722918736334
"Calycadenia pauciflora",92,"C","No Grass",2016,1.54518049907422,11.405226585714
"Calycadenia pauciflora",59,"W","No Grass",2016,1.54518049907422,11.7077613678445
"Calycadenia pauciflora",18,"C","No Grass",2016,1.54518049907422,10.6451536988288
"Calycadenia pauciflora",93,"D","Grass",2017,1.54518049907422,3.32507119644225
"Calycadenia pauciflora",81,"D","Grass",2017,1.54518049907422,2.30714051562131
"Calycadenia pauciflora",19,"W","Grass",2017,1.54518049907422,5.36674418035907
"Calycadenia pauciflora",93,"D","Grass",2016,1.54518049907422,5.75138542066876
"Calycadenia pauciflora",81,"D","Grass",2016,1.54518049907422,3.8936921033973
"Calycadenia pauciflora",19,"W","Grass",2016,1.54518049907422,9.12640222672654
"Calycadenia pauciflora",93,"D","No Grass",2017,1.54518049907422,10.2732148853052
"Calycadenia pauciflora",81,"D","No Grass",2017,1.54518049907422,6.47612359343545
"Calycadenia pauciflora",19,"W","No Grass",2017,1.54518049907422,10.3196473945016
"Calycadenia pauciflora",93,"D","No Grass",2016,1.54518049907422,16.8827299689151
"Calycadenia pauciflora",81,"D","No Grass",2016,1.54518049907422,11.1084567526882
"Calycadenia pauciflora",19,"W","No Grass",2016,1.54518049907422,16.66714508946
"Calycadenia pauciflora",95,"D","Grass",2017,1.54518049907422,4.15229168263195
"Calycadenia pauciflora",82,"C","Grass",2017,1.54518049907422,2.7908231928268
"Calycadenia pauciflora",23,"W","Grass",2017,1.54518049907422,4.79864185305791
"Calycadenia pauciflora",95,"D","Grass",2016,1.54518049907422,7.09658667003275
"Calycadenia pauciflora",82,"C","Grass",2016,1.54518049907422,4.68044569588463
"Calycadenia pauciflora",23,"W","Grass",2016,1.54518049907422,8.19897006068436
"Calycadenia pauciflora",95,"D","No Grass",2017,1.54518049907422,12.8596185196939
"Calycadenia pauciflora",82,"C","No Grass",2017,1.54518049907422,4.60329266790408
"Calycadenia pauciflora",23,"W","No Grass",2017,1.54518049907422,8.9380119382351
"Calycadenia pauciflora",95,"D","No Grass",2016,1.54518049907422,21.2920631219842
"Calycadenia pauciflora",82,"C","No Grass",2016,1.54518049907422,8.12844466152919
"Calycadenia pauciflora",23,"W","No Grass",2016,1.54518049907422,15.2409507269147
"Calycadenia pauciflora",96,"C","Grass",2017,1.54518049907422,3.05594232502949
"Calycadenia pauciflora",83,"D","Grass",2017,1.54518049907422,2.7496677559104
"Calycadenia pauciflora",29,"W","Grass",2017,1.54518049907422,3.53876845189243
"Calycadenia pauciflora",96,"C","Grass",2016,1.54518049907422,5.5494668452996
"Calycadenia pauciflora",83,"D","Grass",2016,1.54518049907422,4.86919333301175
"Calycadenia pauciflora",29,"W","Grass",2016,1.54518049907422,5.85777438566152
"Calycadenia pauciflora",96,"C","No Grass",2017,1.54518049907422,4.97463407429091
"Calycadenia pauciflora",83,"D","No Grass",2017,1.54518049907422,7.44962547697165
"Calycadenia pauciflora",29,"W","No Grass",2017,1.54518049907422,7.4856876517366
"Calycadenia pauciflora",96,"C","No Grass",2016,1.54518049907422,8.28489002017153
"Calycadenia pauciflora",83,"D","No Grass",2016,1.54518049907422,13.6197297029542
"Calycadenia pauciflora",29,"W","No Grass",2016,1.54518049907422,12.4083913402221
"Calycadenia pauciflora",97,"D","Grass",2017,1.54518049907422,2.43797269553639
"Calycadenia pauciflora",84,"C","Grass",2017,1.54518049907422,4.22162347187666
"Calycadenia pauciflora",30,"C","Grass",2017,1.54518049907422,5.24668549242414
"Calycadenia pauciflora",97,"D","Grass",2016,1.54518049907422,4.30690442048188
"Calycadenia pauciflora",84,"C","Grass",2016,1.54518049907422,7.37443282382752
"Calycadenia pauciflora",30,"C","Grass",2016,1.54518049907422,8.96408727415482
"Calycadenia pauciflora",97,"D","No Grass",2017,1.54518049907422,7.58906204043195
"Calycadenia pauciflora",84,"C","No Grass",2017,1.54518049907422,6.60993309627912
"Calycadenia pauciflora",30,"C","No Grass",2017,1.54518049907422,8.30677644754482
"Calycadenia pauciflora",97,"D","No Grass",2016,1.54518049907422,13.3444418066735
"Calycadenia pauciflora",84,"C","No Grass",2016,1.54518049907422,11.7739395308437
"Calycadenia pauciflora",30,"C","No Grass",2016,1.54518049907422,14.4493911339095
"Calycadenia pauciflora",98,"C","Grass",2017,1.54518049907422,2.15687966522315
"Calycadenia pauciflora",85,"D","Grass",2017,1.54518049907422,3.06966455103347
"Calycadenia pauciflora",37,"W","Grass",2017,1.54518049907422,3.03160355542376
"Calycadenia pauciflora",98,"C","Grass",2016,1.54518049907422,3.69491676027685
"Calycadenia pauciflora",85,"D","Grass",2016,1.54518049907422,5.38965020340656
"Calycadenia pauciflora",37,"W","Grass",2016,1.54518049907422,4.90619852125607
"Calycadenia pauciflora",98,"C","No Grass",2017,1.54518049907422,3.26777349983779
"Calycadenia pauciflora",85,"D","No Grass",2017,1.54518049907422,9.09489220381597
"Calycadenia pauciflora",37,"W","No Grass",2017,1.54518049907422,5.02300776646222
"Calycadenia pauciflora",98,"C","No Grass",2016,1.54518049907422,5.45303598090621
"Calycadenia pauciflora",85,"D","No Grass",2016,1.54518049907422,16.3310296974559
"Calycadenia pauciflora",37,"W","No Grass",2016,1.54518049907422,9.64611864860686
"Calycadenia pauciflora",99,"D","Grass",2017,1.54518049907422,2.45222436868238
"Calycadenia pauciflora",86,"C","Grass",2017,1.54518049907422,6.09700126734642
"Calycadenia pauciflora",49,"W","Grass",2017,1.54518049907422,4.22696318878193
"Calycadenia pauciflora",99,"D","Grass",2016,1.54518049907422,3.91947940692821
"Calycadenia pauciflora",86,"C","Grass",2016,1.54518049907422,10.5417168597081
"Calycadenia pauciflora",49,"W","Grass",2016,1.54518049907422,7.42236456006044
"Calycadenia pauciflora",99,"D","No Grass",2017,1.54518049907422,6.70662657681839
"Calycadenia pauciflora",86,"C","No Grass",2017,1.54518049907422,10.1406915250863
"Calycadenia pauciflora",49,"W","No Grass",2017,1.54518049907422,7.76594089135019
"Calycadenia pauciflora",99,"D","No Grass",2016,1.54518049907422,11.7530224837461
"Calycadenia pauciflora",86,"C","No Grass",2016,1.54518049907422,16.9884571132388
"Calycadenia pauciflora",5,"W","Grass",2017,1.54518049907422,3.78995230488991
"Calycadenia pauciflora",87,"D","Grass",2016,1.54518049907422,5.68561366030161
"Calycadenia pauciflora",87,"D","Grass",2017,1.54518049907422,3.16248665016911
"Calycadenia pauciflora",50,"C","Grass",2017,1.54518049907422,3.26160478697541
"Clarkia purpurea",86,"C","No Grass",2016,0.605290877224273,21.5458167013519
"Clarkia purpurea",49,"W","No Grass",2016,0.605290877224273,17.4347586236326
"Clarkia purpurea",87,"D","Grass",2016,0.605290877224273,5.05866721879412
"Clarkia purpurea",50,"C","Grass",2016,0.605290877224273,7.57613534335938
"Clarkia purpurea",5,"W","Grass",2016,0.605290877224273,8.0412436014634
"Clarkia purpurea",87,"D","No Grass",2017,0.605290877224273,9.40292510684514
"Clarkia purpurea",50,"C","No Grass",2017,0.605290877224273,7.50990800959968
"Clarkia purpurea",5,"W","No Grass",2017,0.605290877224273,9.30851522941903
"Clarkia purpurea",87,"D","No Grass",2016,0.605290877224273,18.0836419979159
"Clarkia purpurea",50,"C","No Grass",2016,0.605290877224273,13.1651625003835
"Clarkia purpurea",5,"W","No Grass",2016,0.605290877224273,15.5178618561516
"Clarkia purpurea",89,"D","Grass",2017,0.605290877224273,3.9350632864756
"Clarkia purpurea",55,"W","Grass",2017,0.605290877224273,3.64982422368058
"Clarkia purpurea",15,"W","Grass",2017,0.605290877224273,6.57931154793538
"Clarkia purpurea",89,"D","Grass",2016,0.605290877224273,6.76515154458693
"Clarkia purpurea",55,"W","Grass",2016,0.605290877224273,6.42911158686695
"Clarkia purpurea",15,"W","Grass",2016,0.605290877224273,11.6731773091596
"Clarkia purpurea",89,"D","No Grass",2017,0.605290877224273,11.2853217673614
"Clarkia purpurea",55,"W","No Grass",2017,0.605290877224273,7.00891315097785
"Clarkia purpurea",15,"W","No Grass",2017,0.605290877224273,11.7405132214233
"Clarkia purpurea",89,"D","No Grass",2016,0.605290877224273,21.7167246412816
"Clarkia purpurea",55,"W","No Grass",2016,0.605290877224273,11.8434442218231
"Clarkia purpurea",15,"W","No Grass",2016,0.605290877224273,19.0712310459766
"Clarkia purpurea",91,"D","Grass",2017,0.605290877224273,3.05100935314417
"Clarkia purpurea",56,"C","Grass",2017,0.605290877224273,5.5293373550992
"Clarkia purpurea",17,"W","Grass",2017,0.605290877224273,4.15701238030778
"Clarkia purpurea",91,"D","Grass",2016,0.605290877224273,5.033138747656
"Clarkia purpurea",56,"C","Grass",2016,0.605290877224273,8.92238202700161
"Clarkia purpurea",17,"W","Grass",2016,0.605290877224273,7.18598259169515
"Clarkia purpurea",91,"D","No Grass",2017,0.605290877224273,9.75382089763808
"Clarkia purpurea",56,"C","No Grass",2017,0.605290877224273,8.66244679426431
"Clarkia purpurea",17,"W","No Grass",2017,0.605290877224273,7.72267690108414
"Clarkia purpurea",91,"D","No Grass",2016,0.605290877224273,17.2925083650212
"Clarkia purpurea",56,"C","No Grass",2016,0.605290877224273,15.5916502238196
"Clarkia purpurea",17,"W","No Grass",2016,0.605290877224273,13.0793562903694
"Clarkia purpurea",92,"C","Grass",2017,0.605290877224273,5.88670240841269
"Clarkia purpurea",59,"W","Grass",2017,0.605290877224273,4.98494829031994
"Clarkia purpurea",18,"C","Grass",2017,0.605290877224273,5.63249486244131
"Clarkia purpurea",92,"C","Grass",2016,0.605290877224273,10.1953353264236
"Clarkia purpurea",59,"W","Grass",2016,0.605290877224273,8.83494867002254
"Clarkia purpurea",18,"C","Grass",2016,0.605290877224273,9.26028316467187
"Clarkia purpurea",92,"C","No Grass",2017,0.605290877224273,9.43109675690691
"Clarkia purpurea",59,"W","No Grass",2017,0.605290877224273,9.35119965385022
"Clarkia purpurea",18,"C","No Grass",2017,0.605290877224273,9.05715298130857
"Clarkia purpurea",92,"C","No Grass",2016,0.605290877224273,16.67171324097
"Clarkia purpurea",59,"W","No Grass",2016,0.605290877224273,15.7496225718301
"Clarkia purpurea",18,"C","No Grass",2016,0.605290877224273,15.3413943845829
"Clarkia purpurea",93,"D","Grass",2017,0.605290877224273,3.18960766398081
"Clarkia purpurea",81,"D","Grass",2017,0.605290877224273,2.17555071432849
"Clarkia purpurea",19,"W","Grass",2017,0.605290877224273,7.15305520538799
"Clarkia purpurea",93,"D","Grass",2016,0.605290877224273,5.83650076680651
"Clarkia purpurea",81,"D","Grass",2016,0.605290877224273,3.58443718167092
"Clarkia purpurea",19,"W","Grass",2016,0.605290877224273,11.8790852229073
"Clarkia purpurea",93,"D","No Grass",2017,0.605290877224273,11.2334837780917
"Clarkia purpurea",81,"D","No Grass",2017,0.605290877224273,6.55322081760862
"Clarkia purpurea",19,"W","No Grass",2017,0.605290877224273,12.1225235706871
"Clarkia purpurea",93,"D","No Grass",2016,0.605290877224273,19.103470833488
"Clarkia purpurea",81,"D","No Grass",2016,0.605290877224273,10.9231924214747
"Clarkia purpurea",19,"W","No Grass",2016,0.605290877224273,21.986565953783
"Clarkia purpurea",95,"D","Grass",2017,0.605290877224273,4.07612954980709
"Clarkia purpurea",82,"C","Grass",2017,0.605290877224273,4.18373705494057
"Clarkia purpurea",23,"W","Grass",2017,0.605290877224273,6.75867608060977
"Clarkia purpurea",95,"D","Grass",2016,0.605290877224273,7.05689672921338
"Clarkia purpurea",82,"C","Grass",2016,0.605290877224273,7.72142176137973
"Clarkia purpurea",23,"W","Grass",2016,0.605290877224273,11.4631683702194
"Clarkia purpurea",95,"D","No Grass",2017,0.605290877224273,12.4734976725273
"Clarkia purpurea",82,"C","No Grass",2017,0.605290877224273,6.98851637468703
"Clarkia purpurea",23,"W","No Grass",2017,0.605290877224273,11.6735030814785
"Clarkia purpurea",95,"D","No Grass",2016,0.605290877224273,21.2024234167396
"Clarkia purpurea",82,"C","No Grass",2016,0.605290877224273,12.7649024930069
"Clarkia purpurea",23,"W","No Grass",2016,0.605290877224273,21.0332721780126
"Clarkia purpurea",96,"C","Grass",2017,0.605290877224273,4.30130437344474
"Clarkia purpurea",83,"D","Grass",2017,0.605290877224273,2.49305889357038
"Clarkia purpurea",29,"W","Grass",2017,0.605290877224273,4.93759533034496
"Clarkia purpurea",96,"C","Grass",2016,0.605290877224273,7.34487503391463
"Clarkia purpurea",83,"D","Grass",2016,0.605290877224273,4.24842563365143
"Clarkia purpurea",29,"W","Grass",2016,0.605290877224273,8.83473233289052
"Clarkia purpurea",96,"C","No Grass",2017,0.605290877224273,7.43586784726345
"Clarkia purpurea",83,"D","No Grass",2017,0.605290877224273,8.32954343100906
"Clarkia purpurea",29,"W","No Grass",2017,0.605290877224273,9.09240461869291
"Clarkia purpurea",96,"C","No Grass",2016,0.605290877224273,11.5666850548386
"Clarkia purpurea",83,"D","No Grass",2016,0.605290877224273,13.6613128847056
"Clarkia purpurea",29,"W","No Grass",2016,0.605290877224273,16.3270088807258
"Clarkia purpurea",97,"D","Grass",2017,0.605290877224273,2.34213603007696
"Clarkia purpurea",84,"C","Grass",2017,0.605290877224273,5.76879340654638
"Clarkia purpurea",30,"C","Grass",2017,0.605290877224273,6.87686026917774
"Clarkia purpurea",97,"D","Grass",2016,0.605290877224273,3.99025509030967
"Clarkia purpurea",84,"C","Grass",2016,0.605290877224273,9.69330307095066
"Clarkia purpurea",30,"C","Grass",2016,0.605290877224273,10.7959803133616
"Clarkia purpurea",97,"D","No Grass",2017,0.605290877224273,7.75897819699478
"Clarkia purpurea",84,"C","No Grass",2017,0.605290877224273,8.98751718742561
"Clarkia purpurea",30,"C","No Grass",2017,0.605290877224273,10.9011156548038
"Clarkia purpurea",97,"D","No Grass",2016,0.605290877224273,14.7715113013688
"Clarkia purpurea",84,"C","No Grass",2016,0.605290877224273,16.3567963171805
"Clarkia purpurea",30,"C","No Grass",2016,0.605290877224273,19.3385275338857
"Clarkia purpurea",98,"C","Grass",2017,0.605290877224273,2.77206502415422
"Clarkia purpurea",85,"D","Grass",2017,0.605290877224273,3.08175003858927
"Clarkia purpurea",37,"W","Grass",2017,0.605290877224273,3.90504203900666
"Clarkia purpurea",98,"C","Grass",2016,0.605290877224273,4.87630382677472
"Clarkia purpurea",85,"D","Grass",2016,0.605290877224273,5.24130253237532
"Clarkia purpurea",37,"W","Grass",2016,0.605290877224273,6.92415041504783
"Clarkia purpurea",98,"C","No Grass",2017,0.605290877224273,4.95434321667542
"Clarkia purpurea",85,"D","No Grass",2017,0.605290877224273,9.30996225304229
"Clarkia purpurea",37,"W","No Grass",2017,0.605290877224273,7.20436231840972
"Clarkia purpurea",98,"C","No Grass",2016,0.605290877224273,8.48356857900072
"Clarkia purpurea",85,"D","No Grass",2016,0.605290877224273,17.6406661686017
"Clarkia purpurea",37,"W","No Grass",2016,0.605290877224273,12.9571875493477
"Clarkia purpurea",99,"D","Grass",2017,0.605290877224273,2.16742257326938
"Clarkia purpurea",86,"C","Grass",2017,0.605290877224273,7.53574945421789
"Clarkia purpurea",49,"W","Grass",2017,0.605290877224273,5.56829497032528
"Clarkia purpurea",99,"D","Grass",2016,0.605290877224273,3.78541337301323
"Clarkia purpurea",86,"C","Grass",2016,0.605290877224273,13.5581302838342
"Clarkia purpurea",49,"W","Grass",2016,0.605290877224273,9.45977613995221
"Clarkia purpurea",99,"D","No Grass",2017,0.605290877224273,6.94670737035227
"Clarkia purpurea",86,"C","No Grass",2017,0.605290877224273,12.9286147279507
"Clarkia purpurea",49,"W","No Grass",2017,0.605290877224273,9.72282011613341
"Clarkia purpurea",99,"D","No Grass",2016,0.605290877224273,11.8162847913586
"Clarkia purpurea",50,"C","Grass",2017,0.605290877224273,4.44012000654975
"Clarkia purpurea",5,"W","Grass",2017,0.605290877224273,5.11350171617311
"Clarkia purpurea",87,"D","Grass",2017,0.605290877224273,3.05019023469436
"Hemizonia congesta",49,"W","No Grass",2016,1.3751567558586,13.9716499520014
"Hemizonia congesta",99,"D","No Grass",2016,1.3751567558586,11.9847627300286
"Hemizonia congesta",86,"C","No Grass",2016,1.3751567558586,17.9382630648805
"Hemizonia congesta",5,"W","Grass",2017,1.3751567558586,3.98668791042774
"Hemizonia congesta",87,"D","Grass",2016,1.3751567558586,5.32575213548821
"Hemizonia congesta",50,"C","Grass",2016,1.3751567558586,5.84678691922136
"Hemizonia congesta",5,"W","Grass",2016,1.3751567558586,6.59679113697129
"Hemizonia congesta",87,"D","No Grass",2017,1.3751567558586,9.05840456840009
"Hemizonia congesta",50,"C","No Grass",2017,1.3751567558586,5.330434928543
"Hemizonia congesta",5,"W","No Grass",2017,1.3751567558586,7.08084443418454
"Hemizonia congesta",87,"D","No Grass",2016,1.3751567558586,16.858463459634
"Hemizonia congesta",50,"C","No Grass",2016,1.3751567558586,9.12076902862878
"Hemizonia congesta",5,"W","No Grass",2016,1.3751567558586,11.7502575591741
"Hemizonia congesta",89,"D","Grass",2017,1.3751567558586,4.14846847227952
"Hemizonia congesta",55,"W","Grass",2017,1.3751567558586,3.19326082223722
"Hemizonia congesta",15,"W","Grass",2017,1.3751567558586,5.30718390326023
"Hemizonia congesta",89,"D","Grass",2016,1.3751567558586,6.92055884407431
"Hemizonia congesta",55,"W","Grass",2016,1.3751567558586,5.13132279206602
"Hemizonia congesta",15,"W","Grass",2016,1.3751567558586,8.93287458448079
"Hemizonia congesta",89,"D","No Grass",2017,1.3751567558586,11.8077240513463
"Hemizonia congesta",55,"W","No Grass",2017,1.3751567558586,5.64231412170116
"Hemizonia congesta",15,"W","No Grass",2017,1.3751567558586,9.63742754912168
"Hemizonia congesta",89,"D","No Grass",2016,1.3751567558586,20.2549539862821
"Hemizonia congesta",55,"W","No Grass",2016,1.3751567558586,9.30414437479083
"Hemizonia congesta",15,"W","No Grass",2016,1.3751567558586,16.7026529619534
"Hemizonia congesta",91,"D","Grass",2017,1.3751567558586,3.16857998646603
"Hemizonia congesta",56,"C","Grass",2017,1.3751567558586,4.26055587945871
"Hemizonia congesta",17,"W","Grass",2017,1.3751567558586,3.21877289578294
"Hemizonia congesta",91,"D","Grass",2016,1.3751567558586,5.18040911542606
"Hemizonia congesta",56,"C","Grass",2016,1.3751567558586,7.61815069763057
"Hemizonia congesta",17,"W","Grass",2016,1.3751567558586,5.45364244854769
"Hemizonia congesta",91,"D","No Grass",2017,1.3751567558586,9.72973620672386
"Hemizonia congesta",56,"C","No Grass",2017,1.3751567558586,6.96121865656616
"Hemizonia congesta",17,"W","No Grass",2017,1.3751567558586,5.82069217505308
"Hemizonia congesta",91,"D","No Grass",2016,1.3751567558586,16.7486872688012
"Hemizonia congesta",56,"C","No Grass",2016,1.3751567558586,11.5451175965514
"Hemizonia congesta",17,"W","No Grass",2016,1.3751567558586,10.6480494335414
"Hemizonia congesta",92,"C","Grass",2017,1.3751567558586,4.2918690763782
"Hemizonia congesta",59,"W","Grass",2017,1.3751567558586,4.07016783289782
"Hemizonia congesta",18,"C","Grass",2017,1.3751567558586,3.93076632774725
"Hemizonia congesta",92,"C","Grass",2016,1.3751567558586,7.93641834709252
"Hemizonia congesta",59,"W","Grass",2016,1.3751567558586,7.06327106754704
"Hemizonia congesta",18,"C","Grass",2016,1.3751567558586,7.36310106259004
"Hemizonia congesta",92,"C","No Grass",2017,1.3751567558586,7.3196816164679
"Hemizonia congesta",59,"W","No Grass",2017,1.3751567558586,7.56182399574354
"Hemizonia congesta",18,"C","No Grass",2017,1.3751567558586,6.73475067891255
"Hemizonia congesta",92,"C","No Grass",2016,1.3751567558586,12.6262155936297
"Hemizonia congesta",59,"W","No Grass",2016,1.3751567558586,13.0583385272039
"Hemizonia congesta",18,"C","No Grass",2016,1.3751567558586,12.2502195527007
"Hemizonia congesta",93,"D","Grass",2017,1.3751567558586,3.29436075201837
"Hemizonia congesta",81,"D","Grass",2017,1.3751567558586,2.27137430016882
"Hemizonia congesta",19,"W","Grass",2017,1.3751567558586,5.77755508702324
"Hemizonia congesta",93,"D","Grass",2016,1.3751567558586,5.73659041096358
"Hemizonia congesta",81,"D","Grass",2016,1.3751567558586,3.80491622509695
"Hemizonia congesta",19,"W","Grass",2016,1.3751567558586,9.46919555115919
"Hemizonia congesta",93,"D","No Grass",2017,1.3751567558586,11.4134424672003
"Hemizonia congesta",81,"D","No Grass",2017,1.3751567558586,6.52734808249516
"Hemizonia congesta",19,"W","No Grass",2017,1.3751567558586,11.7762041407109
"Hemizonia congesta",93,"D","No Grass",2016,1.3751567558586,17.9867092817481
"Hemizonia congesta",81,"D","No Grass",2016,1.3751567558586,10.8416855892078
"Hemizonia congesta",19,"W","No Grass",2016,1.3751567558586,18.6137427502161
"Hemizonia congesta",95,"D","Grass",2017,1.3751567558586,4.4896697347243
"Hemizonia congesta",82,"C","Grass",2017,1.3751567558586,3.35876366818432
"Hemizonia congesta",23,"W","Grass",2017,1.3751567558586,5.21670499806057
"Hemizonia congesta",95,"D","Grass",2016,1.3751567558586,7.72946924657237
"Hemizonia congesta",82,"C","Grass",2016,1.3751567558586,5.16402496885773
"Hemizonia congesta",23,"W","Grass",2016,1.3751567558586,8.90045973329567
"Hemizonia congesta",95,"D","No Grass",2017,1.3751567558586,12.2603838638844
"Hemizonia congesta",82,"C","No Grass",2017,1.3751567558586,5.05024513641457
"Hemizonia congesta",23,"W","No Grass",2017,1.3751567558586,9.33847780119072
"Hemizonia congesta",95,"D","No Grass",2016,1.3751567558586,19.9548985547583
"Hemizonia congesta",82,"C","No Grass",2016,1.3751567558586,8.68210420562956
"Hemizonia congesta",23,"W","No Grass",2016,1.3751567558586,16.655997401971
"Hemizonia congesta",96,"C","Grass",2017,1.3751567558586,3.38407709630398
"Hemizonia congesta",83,"D","Grass",2017,1.3751567558586,2.585301429358
"Hemizonia congesta",29,"W","Grass",2017,1.3751567558586,3.77018461322372
"Hemizonia congesta",96,"C","Grass",2016,1.3751567558586,5.85936702960116
"Hemizonia congesta",83,"D","Grass",2016,1.3751567558586,4.44205087017388
"Hemizonia congesta",29,"W","Grass",2016,1.3751567558586,6.57424854152506
"Hemizonia congesta",96,"C","No Grass",2017,1.3751567558586,5.3772787164875
"Hemizonia congesta",83,"D","No Grass",2017,1.3751567558586,7.77866789926208
"Hemizonia congesta",29,"W","No Grass",2017,1.3751567558586,7.22579480313578
"Hemizonia congesta",96,"C","No Grass",2016,1.3751567558586,9.14514544356166
"Hemizonia congesta",83,"D","No Grass",2016,1.3751567558586,14.2710613013717
"Hemizonia congesta",29,"W","No Grass",2016,1.3751567558586,13.5607666150739
"Hemizonia congesta",97,"D","Grass",2017,1.3751567558586,2.48894567917091
"Hemizonia congesta",84,"C","Grass",2017,1.3751567558586,4.18617851727583
"Hemizonia congesta",30,"C","Grass",2017,1.3751567558586,5.38946754791492
"Hemizonia congesta",97,"D","Grass",2016,1.3751567558586,4.10501046200163
"Hemizonia congesta",84,"C","Grass",2016,1.3751567558586,7.94703581135541
"Hemizonia congesta",30,"C","Grass",2016,1.3751567558586,9.674902638667
"Hemizonia congesta",97,"D","No Grass",2017,1.3751567558586,7.37960591459236
"Hemizonia congesta",84,"C","No Grass",2017,1.3751567558586,7.7881225713439
"Hemizonia congesta",30,"C","No Grass",2017,1.3751567558586,8.66934343315322
"Hemizonia congesta",97,"D","No Grass",2016,1.3751567558586,13.4198414003757
"Hemizonia congesta",84,"C","No Grass",2016,1.3751567558586,12.1324887105977
"Hemizonia congesta",30,"C","No Grass",2016,1.3751567558586,14.8116352309233
"Hemizonia congesta",98,"C","Grass",2017,1.3751567558586,2.08050918937409
"Hemizonia congesta",85,"D","Grass",2017,1.3751567558586,3.03465458554305
"Hemizonia congesta",37,"W","Grass",2017,1.3751567558586,2.82338071840273
"Hemizonia congesta",98,"C","Grass",2016,1.3751567558586,3.86540911429262
"Hemizonia congesta",85,"D","Grass",2016,1.3751567558586,5.21420953899339
"Hemizonia congesta",37,"W","Grass",2016,1.3751567558586,4.98663264847888
"Hemizonia congesta",98,"C","No Grass",2017,1.3751567558586,3.40557018397455
"Hemizonia congesta",85,"D","No Grass",2017,1.3751567558586,10.1260378014805
"Hemizonia congesta",37,"W","No Grass",2017,1.3751567558586,5.76776142192808
"Hemizonia congesta",98,"C","No Grass",2016,1.3751567558586,6.48937640111571
"Hemizonia congesta",85,"D","No Grass",2016,1.3751567558586,17.0106989064457
"Hemizonia congesta",37,"W","No Grass",2016,1.3751567558586,9.68103881825197
"Hemizonia congesta",99,"D","Grass",2017,1.3751567558586,2.29045448153675
"Hemizonia congesta",86,"C","Grass",2017,1.3751567558586,6.31054787128668
"Hemizonia congesta",49,"W","Grass",2017,1.3751567558586,4.40422656160147
"Hemizonia congesta",99,"D","Grass",2016,1.3751567558586,3.97185644638038
"Hemizonia congesta",86,"C","Grass",2016,1.3751567558586,11.2247838900677
"Hemizonia congesta",49,"W","Grass",2016,1.3751567558586,7.26538282463936
"Hemizonia congesta",99,"D","No Grass",2017,1.3751567558586,6.91326696965844
"Hemizonia congesta",86,"C","No Grass",2017,1.3751567558586,10.2379401447623
"Hemizonia congesta",49,"W","No Grass",2017,1.3751567558586,8.86139614074073
"Hemizonia congesta",87,"D","Grass",2017,1.3751567558586,2.96304634252426
"Hemizonia congesta",50,"C","Grass",2017,1.3751567558586,3.4065398467932
"Lasthenia californica",86,"C","No Grass",2016,-1.63466778080532,30.8243327907101
"Lasthenia californica",49,"W","No Grass",2016,-1.63466778080532,31.2892161351144
"Lasthenia californica",49,"W","No Grass",2017,-1.63466778080532,19.1538841950131
"Lasthenia californica",99,"D","No Grass",2016,-1.63466778080532,12.1497452214866
"Lasthenia californica",50,"C","Grass",2017,-1.63466778080532,7.14749553257438
"Lasthenia californica",5,"W","Grass",2017,-1.63466778080532,7.94474129365918
"Lasthenia californica",87,"D","Grass",2016,-1.63466778080532,3.71140607831227
"Lasthenia californica",50,"C","Grass",2016,-1.63466778080532,11.5217682419424
"Lasthenia californica",5,"W","Grass",2016,-1.63466778080532,14.383314365048
"Lasthenia californica",87,"D","No Grass",2017,-1.63466778080532,9.9297108480189
"Lasthenia californica",50,"C","No Grass",2017,-1.63466778080532,12.3398657020376
"Lasthenia californica",5,"W","No Grass",2017,-1.63466778080532,16.9388930630842
"Lasthenia californica",87,"D","No Grass",2016,-1.63466778080532,16.3969378381876
"Lasthenia californica",50,"C","No Grass",2016,-1.63466778080532,19.9074972440979
"Lasthenia californica",5,"W","No Grass",2016,-1.63466778080532,26.6071272446523
"Lasthenia californica",89,"D","Grass",2017,-1.63466778080532,2.74168205471489
"Lasthenia californica",55,"W","Grass",2017,-1.63466778080532,5.87489718086391
"Lasthenia californica",15,"W","Grass",2017,-1.63466778080532,9.84946709493502
"Lasthenia californica",89,"D","Grass",2016,-1.63466778080532,4.60111222703344
"Lasthenia californica",55,"W","Grass",2016,-1.63466778080532,10.4105688601036
"Lasthenia californica",15,"W","Grass",2016,-1.63466778080532,17.9215677337233
"Lasthenia californica",89,"D","No Grass",2017,-1.63466778080532,12.3237949139114
"Lasthenia californica",55,"W","No Grass",2017,-1.63466778080532,11.2587188502908
"Lasthenia californica",15,"W","No Grass",2017,-1.63466778080532,20.5075466371088
"Lasthenia californica",89,"D","No Grass",2016,-1.63466778080532,18.7820299023417
"Lasthenia californica",55,"W","No Grass",2016,-1.63466778080532,21.6793582624014
"Lasthenia californica",15,"W","No Grass",2016,-1.63466778080532,33.4203011461175
"Lasthenia californica",91,"D","Grass",2017,-1.63466778080532,2.33869463153583
"Lasthenia californica",56,"C","Grass",2017,-1.63466778080532,7.49847890572354
"Lasthenia californica",17,"W","Grass",2017,-1.63466778080532,7.0417912810805
"Lasthenia californica",91,"D","Grass",2016,-1.63466778080532,3.98771268610751
"Lasthenia californica",56,"C","Grass",2016,-1.63466778080532,11.8069231786528
"Lasthenia californica",17,"W","Grass",2016,-1.63466778080532,12.5274607819467
"Lasthenia californica",91,"D","No Grass",2017,-1.63466778080532,10.0511475184162
"Lasthenia californica",56,"C","No Grass",2017,-1.63466778080532,12.5679368070132
"Lasthenia californica",17,"W","No Grass",2017,-1.63466778080532,14.627205285921
"Lasthenia californica",91,"D","No Grass",2016,-1.63466778080532,17.3324524501049
"Lasthenia californica",56,"C","No Grass",2016,-1.63466778080532,20.7088574092863
"Lasthenia californica",17,"W","No Grass",2016,-1.63466778080532,24.1613128298679
"Lasthenia californica",92,"C","Grass",2017,-1.63466778080532,8.94141234881713
"Lasthenia californica",59,"W","Grass",2017,-1.63466778080532,8.24143743359457
"Lasthenia californica",18,"C","Grass",2017,-1.63466778080532,9.23119464043404
"Lasthenia californica",92,"C","Grass",2016,-1.63466778080532,13.8812384110455
"Lasthenia californica",59,"W","Grass",2016,-1.63466778080532,14.5840285791026
"Lasthenia californica",18,"C","Grass",2016,-1.63466778080532,16.5734030837174
"Lasthenia californica",92,"C","No Grass",2017,-1.63466778080532,15.2432823721147
"Lasthenia californica",59,"W","No Grass",2017,-1.63466778080532,17.831871520199
"Lasthenia californica",18,"C","No Grass",2017,-1.63466778080532,16.6446344838612
"Lasthenia californica",92,"C","No Grass",2016,-1.63466778080532,25.5753769550248
"Lasthenia californica",59,"W","No Grass",2016,-1.63466778080532,27.9337862800317
"Lasthenia californica",18,"C","No Grass",2016,-1.63466778080532,29.1678922561211
"Lasthenia californica",93,"D","Grass",2017,-1.63466778080532,2.58078665561169
"Lasthenia californica",81,"D","Grass",2017,-1.63466778080532,1.6437714629432
"Lasthenia californica",19,"W","Grass",2017,-1.63466778080532,11.3990708298926
"Lasthenia californica",93,"D","Grass",2016,-1.63466778080532,4.20627631580174
"Lasthenia californica",81,"D","Grass",2016,-1.63466778080532,2.94069924231127
"Lasthenia californica",19,"W","Grass",2016,-1.63466778080532,20.1488712975958
"Lasthenia californica",93,"D","No Grass",2017,-1.63466778080532,11.0903254325671
"Lasthenia californica",81,"D","No Grass",2017,-1.63466778080532,6.64820324960433
"Lasthenia californica",19,"W","No Grass",2017,-1.63466778080532,23.1197454283748
"Lasthenia californica",93,"D","No Grass",2016,-1.63466778080532,18.237953828773
"Lasthenia californica",81,"D","No Grass",2016,-1.63466778080532,12.0071227109155
"Lasthenia californica",19,"W","No Grass",2016,-1.63466778080532,39.2947163030636
"Lasthenia californica",95,"D","Grass",2017,-1.63466778080532,2.67574058518556
"Lasthenia californica",82,"C","Grass",2017,-1.63466778080532,7.45895280282076
"Lasthenia californica",23,"W","Grass",2017,-1.63466778080532,10.8454108062478
"Lasthenia californica",95,"D","Grass",2016,-1.63466778080532,4.60644954330832
"Lasthenia californica",82,"C","Grass",2016,-1.63466778080532,13.0726087357161
"Lasthenia californica",23,"W","Grass",2016,-1.63466778080532,18.2970722275996
"Lasthenia californica",95,"D","No Grass",2017,-1.63466778080532,11.8818636346303
"Lasthenia californica",82,"C","No Grass",2017,-1.63466778080532,13.6856868810371
"Lasthenia californica",23,"W","No Grass",2017,-1.63466778080532,20.1160773367769
"Lasthenia californica",95,"D","No Grass",2016,-1.63466778080532,21.401829737917
"Lasthenia californica",82,"C","No Grass",2016,-1.63466778080532,23.3084468037404
"Lasthenia californica",23,"W","No Grass",2016,-1.63466778080532,34.6704594264528
"Lasthenia californica",96,"C","Grass",2017,-1.63466778080532,7.21673964034449
"Lasthenia californica",83,"D","Grass",2017,-1.63466778080532,2.00404247488355
"Lasthenia californica",29,"W","Grass",2017,-1.63466778080532,8.82892977710904
"Lasthenia californica",96,"C","Grass",2016,-1.63466778080532,13.173886193058
"Lasthenia californica",83,"D","Grass",2016,-1.63466778080532,3.41490696800739
"Lasthenia californica",29,"W","Grass",2016,-1.63466778080532,15.1117760377474
"Lasthenia californica",96,"C","No Grass",2017,-1.63466778080532,13.0526085574535
"Lasthenia californica",83,"D","No Grass",2017,-1.63466778080532,8.72741662654842
"Lasthenia californica",29,"W","No Grass",2017,-1.63466778080532,17.2581501540974
"Lasthenia californica",96,"C","No Grass",2016,-1.63466778080532,22.3805117819541
"Lasthenia californica",83,"D","No Grass",2016,-1.63466778080532,14.0704687689677
"Lasthenia californica",29,"W","No Grass",2016,-1.63466778080532,30.2192333773986
"Lasthenia californica",97,"D","Grass",2017,-1.63466778080532,1.91533426626147
"Lasthenia californica",84,"C","Grass",2017,-1.63466778080532,9.10903377411434
"Lasthenia californica",30,"C","Grass",2017,-1.63466778080532,9.60830058666095
"Lasthenia californica",97,"D","Grass",2016,-1.63466778080532,3.29292346063575
"Lasthenia californica",84,"C","Grass",2016,-1.63466778080532,14.5335074757436
"Lasthenia californica",30,"C","Grass",2016,-1.63466778080532,15.3026460579522
"Lasthenia californica",97,"D","No Grass",2017,-1.63466778080532,8.45990785646754
"Lasthenia californica",84,"C","No Grass",2017,-1.63466778080532,15.4660782366175
"Lasthenia californica",30,"C","No Grass",2017,-1.63466778080532,16.8484354227739
"Lasthenia californica",97,"D","No Grass",2016,-1.63466778080532,13.7455972144571
"Lasthenia californica",84,"C","No Grass",2016,-1.63466778080532,25.8091557197502
"Lasthenia californica",30,"C","No Grass",2016,-1.63466778080532,26.5153085764237
"Lasthenia californica",98,"C","Grass",2017,-1.63466778080532,5.06250012830426
"Lasthenia californica",85,"D","Grass",2017,-1.63466778080532,2.09730902231627
"Lasthenia californica",37,"W","Grass",2017,-1.63466778080532,7.19903901067336
"Lasthenia californica",98,"C","Grass",2016,-1.63466778080532,8.83536452189006
"Lasthenia californica",85,"D","Grass",2016,-1.63466778080532,3.77235923812648
"Lasthenia californica",37,"W","Grass",2016,-1.63466778080532,11.9480846221904
"Lasthenia californica",98,"C","No Grass",2017,-1.63466778080532,8.72995025774475
"Lasthenia californica",85,"D","No Grass",2017,-1.63466778080532,10.3523980643757
"Lasthenia californica",37,"W","No Grass",2017,-1.63466778080532,14.6357664764272
"Lasthenia californica",98,"C","No Grass",2016,-1.63466778080532,15.717413384389
"Lasthenia californica",85,"D","No Grass",2016,-1.63466778080532,15.8269897326927
"Lasthenia californica",37,"W","No Grass",2016,-1.63466778080532,24.9771755392657
"Lasthenia californica",99,"D","Grass",2017,-1.63466778080532,1.6995033727472
"Lasthenia californica",86,"C","Grass",2017,-1.63466778080532,10.2340716286369
"Lasthenia californica",49,"W","Grass",2017,-1.63466778080532,9.45517373178827
"Lasthenia californica",99,"D","Grass",2016,-1.63466778080532,2.8362124492425
"Lasthenia californica",86,"C","Grass",2016,-1.63466778080532,17.1385870502521
"Lasthenia californica",49,"W","Grass",2016,-1.63466778080532,16.2205605337826
"Lasthenia californica",99,"D","No Grass",2017,-1.63466778080532,7.52871836274394
"Lasthenia californica",86,"C","No Grass",2017,-1.63466778080532,17.324937337704
"Lasthenia californica",87,"D","Grass",2017,-1.63466778080532,2.31259669425168
"Plantago erecta",86,"C","No Grass",2017,-1.01453268637674,16.9240898664294
"Plantago erecta",99,"D","No Grass",2016,-1.01453268637674,12.9675953576255
"Plantago erecta",86,"C","No Grass",2016,-1.01453268637674,28.2648053730218
"Plantago erecta",49,"W","No Grass",2016,-1.01453268637674,27.3978548901421
"Plantago erecta",49,"W","No Grass",2017,-1.01453268637674,15.4012049938756
"Plantago erecta",87,"D","Grass",2017,-1.01453268637674,2.40134850477805
"Plantago erecta",50,"C","Grass",2017,-1.01453268637674,6.41954552976884
"Plantago erecta",5,"W","Grass",2017,-1.01453268637674,7.04469543973128
"Plantago erecta",87,"D","Grass",2016,-1.01453268637674,4.19351043384886
"Plantago erecta",50,"C","Grass",2016,-1.01453268637674,10.8877963444669
"Plantago erecta",5,"W","Grass",2016,-1.01453268637674,12.0588541596461
"Plantago erecta",87,"D","No Grass",2017,-1.01453268637674,9.91143595335064
"Plantago erecta",50,"C","No Grass",2017,-1.01453268637674,10.7647086365244
"Plantago erecta",5,"W","No Grass",2017,-1.01453268637674,13.4096911917687
"Plantago erecta",87,"D","No Grass",2016,-1.01453268637674,16.9484900270264
"Plantago erecta",50,"C","No Grass",2016,-1.01453268637674,19.6693685216204
"Plantago erecta",5,"W","No Grass",2016,-1.01453268637674,21.8187020089039
"Plantago erecta",89,"D","Grass",2017,-1.01453268637674,2.90195305270635
"Plantago erecta",55,"W","Grass",2017,-1.01453268637674,5.29082056032453
"Plantago erecta",15,"W","Grass",2017,-1.01453268637674,9.16498959588141
"Plantago erecta",89,"D","Grass",2016,-1.01453268637674,5.00128094394457
"Plantago erecta",55,"W","Grass",2016,-1.01453268637674,9.67864547352173
"Plantago erecta",15,"W","Grass",2016,-1.01453268637674,14.7679521569793
"Plantago erecta",89,"D","No Grass",2017,-1.01453268637674,12.1487667705249
"Plantago erecta",55,"W","No Grass",2017,-1.01453268637674,10.02877074961
"Plantago erecta",15,"W","No Grass",2017,-1.01453268637674,17.4694382111602
"Plantago erecta",89,"D","No Grass",2016,-1.01453268637674,19.9655124193256
"Plantago erecta",55,"W","No Grass",2016,-1.01453268637674,18.6289569653505
"Plantago erecta",15,"W","No Grass",2016,-1.01453268637674,28.7414398372606
"Plantago erecta",91,"D","Grass",2017,-1.01453268637674,2.56018011228331
"Plantago erecta",56,"C","Grass",2017,-1.01453268637674,6.34916163281456
"Plantago erecta",17,"W","Grass",2017,-1.01453268637674,6.8539472031132
"Plantago erecta",91,"D","Grass",2016,-1.01453268637674,4.49596943673313
"Plantago erecta",56,"C","Grass",2016,-1.01453268637674,11.6744993868794
"Plantago erecta",17,"W","Grass",2016,-1.01453268637674,11.4498458344446
"Plantago erecta",91,"D","No Grass",2017,-1.01453268637674,9.88962834550367
"Plantago erecta",56,"C","No Grass",2017,-1.01453268637674,11.1675693335088
"Plantago erecta",17,"W","No Grass",2017,-1.01453268637674,12.2208851371428
"Plantago erecta",91,"D","No Grass",2016,-1.01453268637674,17.4381202891452
"Plantago erecta",56,"C","No Grass",2016,-1.01453268637674,20.7475621224948
"Plantago erecta",17,"W","No Grass",2016,-1.01453268637674,20.5798203201522
"Plantago erecta",92,"C","Grass",2017,-1.01453268637674,8.25259714303937
"Plantago erecta",59,"W","Grass",2017,-1.01453268637674,7.42679301711586
"Plantago erecta",18,"C","Grass",2017,-1.01453268637674,8.47706487640415
"Plantago erecta",92,"C","Grass",2016,-1.01453268637674,12.8676769261357
"Plantago erecta",59,"W","Grass",2016,-1.01453268637674,13.2553772873899
"Plantago erecta",18,"C","Grass",2016,-1.01453268637674,14.1090197391422
"Plantago erecta",92,"C","No Grass",2017,-1.01453268637674,15.2996527042887
"Plantago erecta",59,"W","No Grass",2017,-1.01453268637674,14.5949977160972
"Plantago erecta",18,"C","No Grass",2017,-1.01453268637674,15.1147314742538
"Plantago erecta",92,"C","No Grass",2016,-1.01453268637674,24.1919141617882
"Plantago erecta",59,"W","No Grass",2016,-1.01453268637674,24.8685028590238
"Plantago erecta",18,"C","No Grass",2016,-1.01453268637674,24.9165713497079
"Plantago erecta",93,"D","Grass",2017,-1.01453268637674,2.8540874535211
"Plantago erecta",81,"D","Grass",2017,-1.01453268637674,1.7886577833417
"Plantago erecta",19,"W","Grass",2017,-1.01453268637674,10.3490563842032
"Plantago erecta",93,"D","Grass",2016,-1.01453268637674,4.85733011051637
"Plantago erecta",81,"D","Grass",2016,-1.01453268637674,3.12078841643884
"Plantago erecta",19,"W","Grass",2016,-1.01453268637674,16.7364851942285
"Plantago erecta",93,"D","No Grass",2017,-1.01453268637674,11.0907241505847
"Plantago erecta",81,"D","No Grass",2017,-1.01453268637674,6.67045801722408
"Plantago erecta",19,"W","No Grass",2017,-1.01453268637674,20.7648198224674
"Plantago erecta",93,"D","No Grass",2016,-1.01453268637674,19.353816886113
"Plantago erecta",81,"D","No Grass",2016,-1.01453268637674,12.6617147622792
"Plantago erecta",19,"W","No Grass",2016,-1.01453268637674,33.2509604337148
"Plantago erecta",95,"D","Grass",2017,-1.01453268637674,2.98178122098093
"Plantago erecta",82,"C","Grass",2017,-1.01453268637674,6.97204875510204
"Plantago erecta",23,"W","Grass",2017,-1.01453268637674,8.93591358904421
"Plantago erecta",95,"D","Grass",2016,-1.01453268637674,5.6736270140328
"Plantago erecta",82,"C","Grass",2016,-1.01453268637674,12.6218354361181
"Plantago erecta",23,"W","Grass",2016,-1.01453268637674,15.6074932815934
"Plantago erecta",95,"D","No Grass",2017,-1.01453268637674,12.5965471572367
"Plantago erecta",82,"C","No Grass",2017,-1.01453268637674,12.2731939110165
"Plantago erecta",23,"W","No Grass",2017,-1.01453268637674,17.823489380636
"Plantago erecta",95,"D","No Grass",2016,-1.01453268637674,20.8601159178814
"Plantago erecta",82,"C","No Grass",2016,-1.01453268637674,20.2268157097032
"Plantago erecta",23,"W","No Grass",2016,-1.01453268637674,28.9040992015294
"Plantago erecta",96,"C","Grass",2017,-1.01453268637674,6.81037011688519
"Plantago erecta",83,"D","Grass",2017,-1.01453268637674,2.18843542939433
"Plantago erecta",29,"W","Grass",2017,-1.01453268637674,7.52592109139961
"Plantago erecta",96,"C","Grass",2016,-1.01453268637674,11.2068687835026
"Plantago erecta",83,"D","Grass",2016,-1.01453268637674,3.67439931425114
"Plantago erecta",29,"W","Grass",2016,-1.01453268637674,13.1749881469547
"Plantago erecta",96,"C","No Grass",2017,-1.01453268637674,11.4655821470371
"Plantago erecta",83,"D","No Grass",2017,-1.01453268637674,8.14112088260751
"Plantago erecta",29,"W","No Grass",2017,-1.01453268637674,14.1593897368275
"Plantago erecta",96,"C","No Grass",2016,-1.01453268637674,20.5999665418576
"Plantago erecta",83,"D","No Grass",2016,-1.01453268637674,14.2441835498991
"Plantago erecta",29,"W","No Grass",2016,-1.01453268637674,24.825971647017
"Plantago erecta",97,"D","Grass",2017,-1.01453268637674,2.17087017537697
"Plantago erecta",84,"C","Grass",2017,-1.01453268637674,8.41984779601075
"Plantago erecta",30,"C","Grass",2017,-1.01453268637674,8.56404516280685
"Plantago erecta",97,"D","Grass",2016,-1.01453268637674,3.36066604634145
"Plantago erecta",84,"C","Grass",2016,-1.01453268637674,13.4478407270178
"Plantago erecta",30,"C","Grass",2016,-1.01453268637674,15.1858617610367
"Plantago erecta",97,"D","No Grass",2017,-1.01453268637674,8.41459994123552
"Plantago erecta",84,"C","No Grass",2017,-1.01453268637674,13.963931156297
"Plantago erecta",30,"C","No Grass",2017,-1.01453268637674,14.5281187826304
"Plantago erecta",97,"D","No Grass",2016,-1.01453268637674,14.4200678416485
"Plantago erecta",84,"C","No Grass",2016,-1.01453268637674,21.9304216977658
"Plantago erecta",30,"C","No Grass",2016,-1.01453268637674,25.0971205317555
"Plantago erecta",98,"C","Grass",2017,-1.01453268637674,4.63202972425952
"Plantago erecta",85,"D","Grass",2017,-1.01453268637674,2.49586921135638
"Plantago erecta",37,"W","Grass",2017,-1.01453268637674,6.41188259856039
"Plantago erecta",98,"C","Grass",2016,-1.01453268637674,7.73742828597402
"Plantago erecta",85,"D","Grass",2016,-1.01453268637674,3.99318683822412
"Plantago erecta",37,"W","Grass",2016,-1.01453268637674,10.4928190107953
"Plantago erecta",98,"C","No Grass",2017,-1.01453268637674,7.69095398335114
"Plantago erecta",85,"D","No Grass",2017,-1.01453268637674,9.6517072665627
"Plantago erecta",37,"W","No Grass",2017,-1.01453268637674,11.6082733668593
"Plantago erecta",98,"C","No Grass",2016,-1.01453268637674,13.6413374572593
"Plantago erecta",85,"D","No Grass",2016,-1.01453268637674,17.9101870088018
"Plantago erecta",37,"W","No Grass",2016,-1.01453268637674,19.9604402803783
"Plantago erecta",99,"D","Grass",2017,-1.01453268637674,1.81966900402553
"Plantago erecta",86,"C","Grass",2017,-1.01453268637674,10.0451673203532
"Plantago erecta",49,"W","Grass",2017,-1.01453268637674,8.08072483200426
"Plantago erecta",99,"D","Grass",2016,-1.01453268637674,3.29714644036224
"Plantago erecta",86,"C","Grass",2016,-1.01453268637674,16.7978775196142
"Plantago erecta",49,"W","Grass",2016,-1.01453268637674,14.4578927493358
"Plantago erecta",99,"D","No Grass",2017,-1.01453268637674,7.24249784831383
